Exp,Site,Hole,Core,Type,Section,"Sample Top, cm","Sample Bottom, cm",Combined id,Sample Label,"Sample Top Depth, mbsf","Sample Bot Depth, mbsf",Beaker Number,"Beaker Weight,         g","WET Weight (Sample + Beaker), g ",OVEN             Date/Time                    IN,"DRY Weight (Sample + Beaker), g",Scientist,Pycnometer Cell,"DRY Volume, cc"
501,M0111,A,1,H,1,63.50,65.5,M0111-A-1-1,"501-M0111A-1H-1,63.5-65.5",0.635,0.655,280,10.0747,19.1952,1/16/2026 11:00,17.736,Shintani ,1,7.39638
501,M0111,A,2,H,2,38,40,M0111-A-2-2,"501-M0111A-2H-2,38-40",4.29,4.31,281,9.8647,19.8181,1/16/2026 11:00,17.8746,Shintani ,2,7.4407
501,M0111,A,3,H,1,38,40,M0111-A-3-1,"501-M0111A-3H-1,38-40",4.84,4.86,282,10.1076,18.9788,1/16/2026 11:00,17.2814,Shintani ,3,7.2446
501,M0111,A,4,H,1,88,90,M0111-A-4-1,"501-M0111A-4H-1,88-90",7.77,7.79,283,9.6502,19.3663,1/16/2026 11:00,17.5027,Shintani ,4,7.2667
501,M0111,A,5,H,1,100,102,M0111-A-5-1,"501-M0111A-5H-1,100-102",10.6,10.62,284,10.0555,18.7868,1/16/2026 16:49,17.2398,MS,2,7.1944
501,M0111,A,6,H,1,120,122,M0111-A-6-1,"501-M0111A-6H-1,120-122",12.9,12.92,285,10.051,20.0736,1/16/2026 16:49,18.0727,MS,3,7.5315
501,M0111,A,7,H,1,14,16,M0111-A-7-1,"501-M0111A-7H-1,14-16",14.08,14.1,286,9.5493,17.0118,1/16/2026 16:49,15.619,MS,4,6.5564
501,M0111,A,9,X,1,18,20,M0111-A-9-1,"501-M0111A-9X-1,18-20",14.95,14.97,287,10.169,18.4491,1/16/2026 16:49,16.8493,MS,5,7.0873
501,M0111,A,10,R,1,40,42,M0111-A-10-1,"501-M0111A-10R-1,40-42",15.61,15.63,288,10.1602,20.7858,1/16/2026 17:35,19.0098,MS,3,7.9098
501,M0111,A,11,R,1,38,40,M0111-A-11-1,"501-M0111A-11R-1,38-40",16.74,16.76,289,9.6906,20.9926,1/16/2026 17:35,19.2373,MS,4,7.9249
501,M0111,A,12,R,1,48,50,M0111-A-12-1,"501-M0111A-12R-1,48-50",32.73,32.75,270,9.7308,19.0634,1/16/2026 17:35,17.5011,MS,5,7.2873
501,M0111,A,13,H,1,38,40,M0111-A-13-1,"501-M0111A-13H-1,38-40",34.18,34.2,271,9.9113,22.3983,1/16/2026 17:35,19.7471,MS,1,8.1348
501,M0111,A,15,H,1,38,40,M0111-A-15-1,"501-M0111A-15H-1,38-40",38.5,38.52,272,10.0933,18.9335,1/16/2026 20:25,17.324,TS,4,7.2151
501,M0111,A,16,H,1,38,40,M0111-A-16-1,"501-M0111A-16H-1,38-40",40.83,40.85,273,9.643,18.7437,1/16/2026 20:25,17.2396,TS,5,7.1926
501,M0111,A,17,H,1,38,40,M0111-A-17-1,"501-M0111A-17H-1,38-40",41.57,41.59,274,9.9089,20.1466,1/16/2026 20:25,18.2138,TS,1,7.621
501,M0111,A,18,H,1,7,9,M0111-A-18-1,"501-M0111A-18H-1,7-9",43.39,43.41,275,9.7669,20.8068,1/16/2026 20:25,18.1995,TS,2,7.7865
501,M0111,A,19,H,1,38,40,M0111-A-19-1,"501-M0111A-19H-1,38-40",44.21,44.23,276,9.9183,19.9608,1/16/2026 21:25,18.245,TS,5,7.5921
501,M0111,A,20,H,1,38,40,M0111-A-20-1,"501-M0111A-20H-1,38-40",46.58,46.6,277,9.8652,21.7962,1/16/2026 21:25,19.8553,TS,1,8.2137
501,M0111,A,21,H,2,31,33,M0111-A-21-2,"501-M0111A-21H-2,31-33",49.08,49.1,278,10.157,22.2896,1/16/2026 21:25,19.7608,TS,2,8.1577
501,M0111,A,22,H,1,15,17,M0111-A-22-1,"501-M0111A-22H-1,15-17",51.05,51.07,279,9.9806,19.8152,1/16/2026 21:25,17.6066,TS,3,7.3447
501,M0111,A,23,H,1,38,40,M0111-A-23-1,"501-M0111A-23H-1,38-40",52.8,52.82,200,9.6303,20.0214,1/17/2026 11:53,17.9219,TS,5,7.4241
501,M0111,A,24,H,1,38,40,M0111-A-24-1,"501-M0111A-24H-1,38-40",55.3,55.32,201,9.7538,20.2238,1/17/2026 11:53,18.3983,TS,1,7.6078
501,M0111,A,25,H,1,38,40,M0111-A-25-1,"501-M0111A-25H-1,38-40",57.04,57.06,202,9.9245,19.9085,1/17/2026 11:53,17.9067,TS,2,7.4651
501,M0111,A,26,H,1,90,92,M0111-A-26-1,"501-M0111A-26H-1,90-92",59.78,59.8,203,10.0562,20.2032,1/17/2026 11:53,18.2753,TS,3,7.6216
501,M0111,A,27,H,1,70,72,M0111-A-27-1,"501-M0111A-27H-1,70-72",61.9,61.92,204,9.9425,19.894,1/17/2026 17:13,18.435,MS,1,7.6314
501,M0111,B,1,H,2,48,50,M0111-B-1-2,"501-M0111-B-1-2,48-50",63.98,64,205,9.6086,19.5805,1/17/2026 17:13,17.8237,MS,2,7.4395
501,M0111,B,2,H,2,77,79,M0111-B-2-2,"501-M0111-B-2-2,77-79",65.91,65.93,207,9.772,18.2302,1/17/2026 17:13,16.9118,MS,3,7.0698
501,M0111,B,3,H,2,38,40,M0111-B-3-2,"501-M0111-B-3-2,38-40",67.94,67.96,208,10.0436,21.2829,1/17/2026 17:13,19.1576,TS,2,7.9654
501,M0111,B,4,H,1,100,102,M0111-B-4-1,"501-M0111-B-4-1,100-102",69.2,69.22,209,9.6794,20.4012,1/17/2026 20:00,18.6339,TS,3,7.7068
501,M0111,B,5,H,2,52,54,M0111-B-5-2,"501-M0111-B-5-2,52-54",71.06,71.08,230,9.805,20.1659,1/17/2026 20:00,19.0773,TS,5,7.8788
501,M0111,B,6,H,1,60,62,M0111-B-6-1,"501-M0111-B-6-1,60-62",72.14,72.16,231,9.8868,19.6347,1/17/2026 20:00,17.6806,TS,2,7.3865
501,M0111,B,12,R,1,11,13,M0111-B-12-1,"501-M0111-B-12-1,11-13",76.8,76.82,232,9.8775,19.427,1/17/2026 20:00,17.1978,TS,3,7.1758
501,M0111,B,9,R,1,100,102,M0111-B-9-1,"501-M0111-B-9-1,100-102",73.76,73.78,233,9.9605,21.9857,1/17/2026 21:22,19.6592,TS,5,8.1061
501,M0111,B,13,R,1,18,20,M0111-B-13-1,"501-M0111-B-13-1,18-20",79.78,79.8,234,10.0063,21.0657,1/17/2026 21:22,18.7771,TS,3,7.7415
501,M0111,B,14,R,1,20,22,M0111-B-14-1,"501-M0111-B-14-1,20-22",82.8,82.82,235,9.9943,21.2468,1/17/2026 21:22,18.8448,TS,5,7.7628
501,M0111,B,15,R,1,38,40,M0111-B-15-1,"501-M0111-B-15-1,38-40",84.98,85,236,9.8712,19.1161,1/17/2026 21:22,16.8369,TS,1,7.015
501,M0111,B,16,R,1,18,20,M0111-B-16-1,"501-M0111-B-16-1,18-20",86.78,86.8,237,9.8347,19.4148,1/19/2026 11:00,16.824,MS,1,7.1437
501,M0111,B,17,R,1,38,40,M0111-B-17-1,"501-M0111-B-17-1,38-40",88.78,88.8,238,9.9240,18.6296,1/19/2026 11:00,15.9044,MS,2,6.846
501,M0111,B,18,R,1,16,18,M0111-B-18-1,"501-M0111-B-18-1,16-18",91.26,91.28,239,10.0279,19.1233,1/19/2026 11:00,16.8035,MS,5,7.0113
501,M0111,B,19,R,1,18,20,M0111-B-19-1,"501-M0111-B-19-1,18-20",94.28,94.3,240,9.859,20.2288,1/19/2026 11:00,18.8989,MS,1,7.7998
501,M0111,B,21,R,1,19,21,M0111-B-21-1,"501-M0111-B-21-1,19-21",96.64,96.66,242,9.9348,19.3845,1/19/2026 13:50,17.93,MS,2,7.4396
501,M0111,B,22,R,1,18,20,M0111-B-22-1,"501-M0111-B-22-1,18-20",98.94,98.96,241,9.8089,19.0448,1/19/2026 13:50,17.2137,MS,3,7.1576
501,M0111,B,23,R,1,18,20,M0111-B-23-1,"501-M0111-B-23-1,18-20",100.67,100.69,243,9.8368,20.9594,1/19/2026 13:50,17.701,MS,2,7.731
501,M0111,B,26,R,1,19,21,M0111-B-26-1,"501-M0111-B-26-1,19-21",106.79,106.81,245,9.8492,20.6822,1/19/2026 13:50,17.9435,MS,3,7.4161
501,M0111,B,24,R,2,88,90,M0111-B-24-2,"501-M0111-B-24-2,88-90",103.79,103.81,246,9.7553,19.7868,1/19/2026 15:49,17.5724,MS,5,7.3013
501,M0111,B,27,R,1,20,22,M0111-B-27-1,"501-M0111-B-27-1,20-22",109.8,109.82,247,9.8389,20.2407,1/19/2026 15:49,17.0829,MS,1,7.0951
501,M0111,B,28,R,1,24,26,M0111-B-28-1,"501-M0111-B-28-1,24-26",112.54,112.56,248,9.6745,19.6971,1/19/2026 15:49,17.3764,MS,5,7.2108
501,M0111,B,29,R,1,22,24,M0111-B-29-1,"501-M0111-B-29-1,22-24",115.52,115.54,249,9.9565,19.1213,1/19/2026 15:49,16.951,MS,3,7.0659
501,M0111,B,30,R,1,18,20,M0111-B-30-1,"501-M0111-B-30-1,18-20",118.48,118.5,1,9.8663,18.7526,1/19/2026 18:05,16.6469,MS,5,6.9597
501,M0111,B,31,R,1,13,15,M0111-B-31-1,"501-M0111-B-31-1,13-15",121.43,121.45,2,9.4933,17.0763,1/19/2026 18:05,15.0303,MS,1,6.3129
501,M0111,B,32,R,1,18,20,M0111-B-32-1,"501-M0111-B-32-1,18-20",124.48,124.5,3,9.7539,19.7040,1/19/2026 18:05,17.4597,MS,2,7.2326
501,M0111,B,33,R,2,8,10,M0111-B-33-2,"501-M0111-B-33-2,8-10",127.39,127.41,4,9.4749,19.4338,1/19/2026 18:40,16.8188,MS,1,6.9241
501,M0111,B,34,R,1,18,20,M0111-B-34-1,"501-M0111-B-34-1,18-20",121.7,121.72,6,9.8908,21.1915,1/19/2026 18:40,17.5418,MS,2,7.2672
501,M0111,B,35,R,2,18,20,M0111-B-35-2,"501-M0111-B-35-2,18-20",124.2,124.22,7,9.8834,20.5182,1/19/2026 18:40,18.2603,MS,3,7.5216
501,M0111,B,36,R,2,18,20,M0111-B-36-2,"501-M0111-B-36-2,18-20",126.75,126.77,8,9.5216,19.7586,1/19/2026 21:18,17.4596,TS,2,7.208
501,M0111,B,37,R,1,18,20,M0111-B-37-1,"501-M0111-B-37-1,18-20",127.82,127.84,9,9.5977,20.5186,1/19/2026 21:18,18.296,TS,3,7.55429
501,M0111,B,38,R,1,18,20,M0111-B-38-1,"501-M0111-B-38-1,18-20",129.57,129.59,10,9.9909,20.1644,1/19/2026 21:18,18.3598,TS,5,7.6149
501,M0111,B,39,R,1,18,20,M0111-B-39-1,"501-M0111-B-39-1,18-20",131.85,131.87,250,9.8892,20.2565,1/20/2026 8:15,17.891,TS,3,7.3926
501,M0111,B,40,R,1,10,12,M0111-B-40-1,"501-M0111-B-40-1,10-12",134.82,134.84,251,9.814,20.9053,1/20/2026 8:17,19.4221,TS,5,8.0018
501,M0111,B,41,R,1,38,40,M0111-B-41-1,"501-M0111-B-41-1,38-40",138.15,138.17,252,9.814,17.2802,1/20/2026 8:18,15.8291,TS,1,6.5994
501,M0111,B,42,R,1,38,40,M0111-B-42-1,"501-M0111-B-42-1,38-40",141.2,141.22,253,9.8927,19.083,1/20/2026 10:40,17.4568,TS,5,7.2183
501,M0111,B,43,R,1,68,70,M0111-B-43-1,"501-M0111-B-43-1,68-70",144.55,144.57,254,9.8201,16.8636,1/20/2026 10:40,15.0301,TS,1,6.3774
501,M0111,B,44,R,1,84.5,86.5,M0111-B-44-1,"501-M0111-B-44-1,84.5-86.5",146.955,146.975,255,9.9283,18.5571,1/20/2026 10:40,15.7507,TS,2,6.7044
501,M0111,B,45,R,1,54,56,M0111-B-45-1,"501-M0111-B-45-1,54-56",149.7,149.72,256,9.8771,17.6804,1/20/2026 13:50,15.1035,MS,1,6.4616
501,M0111,B,46,R,1,38,40,M0111-B-46-1,"501-M0111-B-46-1,38-40",149.92,149.94,257,9.7717,16.5039,1/20/2026 13:58,14.2983,MS,2,6.1404
501,M0111,B,47,R,1,38,40,M0111-B-47-1,"501-M0111-B-47-1,38-40",152.59,152.61,258,9.8593,17.6902,1/20/2026 13:58,15.0194,MS,3,6.439
501,M0111,B,48,R,1,38,40,M0111-B-48-1,"501-M0111-B-48-1,38-40",155.64,155.66,259,9.9797,17.8816,1/20/2026 15:28,16.2625,MS,2,6.8599
501,M0111,B,49,R,1,8,10,M0111-B-49-1,"501-M0111-B-49-1,8-10",158.39,158.41,181,9.5058,18.8274,1/20/2026 15:28,17.0225,MS,3,7.1178
501,M0111,B,51,R,1,30,32,M0111-B-51-1,"501-M0111-B-51-1,30-32",161.66,161.68,182,9.7033,17.2998,1/20/2026 15:28,15.775,MS,5,6.6498
501,M0111,B,52,R,1,12,14,M0111-B-52-1,"501-M0111-B-52-1,12-14",162.18,162.2,183,9.6636,18.1313,1/20/2026 16:20,16.7728,MS,3,7.0352
501,M0111,B,53,R,1,8,10,M0111-B-53-1,"501-M0111-B-53-1,8-10",163.92,163.94,184,9.8976,17.8058,1/20/2026 16:20,16.0081,MS,5,6.6954
501,M0111,B,54,R,1,28,30,M0111-B-54-1,"501-M0111-B-54-1,28-30",165.74,165.76,185,9.8465,21.4006,1/20/2026 16:20,19.4111,MS,1,8.0068
501,M0111,B,55,R,1,28,30,M0111-B-55-1,"501-M0111-B-55-1,28-30",166.09,166.11,186,9.8185,20.2442,1/20/2026 17:24,18.0976,MS,5,7.525
501,M0111,B,56,R,1,18,20,M0111-B-56-1,"501-M0111-B-56-1,18-20",166.39,166.41,187,9.7688,19.1062,1/20/2026 17:24,17.0897,MS,1,7.1503
501,M0111,B,57,R,1,45,47,M0111-B-57-1,"501-M0111-B-57-1,45-47",167.91,167.93,188,9.8792,19.2907,1/20/2026 17:24,17.4452,MS,2,7.2579
501,M0111,B,58,R,1,38,40,M0111-B-58-1,"501-M0111-B-58-1,38-40",168.89,168.91,189,9.7583,19.4551,1/20/2026 19:46,15.9447,MS,1,6.6996
501,M0111,B,59,R,1,42,44,M0111-B-59-1,"501-M0111-B-59-1,42-44",169.93,169.95,190,9.7571,19.1791,1/20/2026 19:46,17.1705,MS,2,7.1298
501,M0111,B,60,R,1,38,40,M0111-B-60-1,"501-M0111-B-60-1,38-40",172.94,172.96,171,9.4852,19.1805,1/20/2026 19:46,15.8697,MS,3,6.6997
501,M0111,B,61,R,1,54,56,M0111-B-61-1,"501-M0111-B-61-1,54-56",176.15,176.17,172,9.5744,19.9414,1/20/2026 21:29,17.1052,TS,2,7.254
501,M0111,B,62,R,1,38,40,M0111-B-62-1,"501-M0111-B-62-1,38-40",179.04,179.06,173,9.5055,17.5158,1/20/2026 21:29,15.1427,TS,3,6.5244
501,M0111,B,63,R,1,35,37,M0111-B-63-1,"501-M0111-B-63-1,35-37",182.06,182.08,174,9.8544,19.4189,1/20/2026 21:29,16.9624,TS,5,7.2059
501,M0111,B,64,R,1,41,43,M0111-B-64-1,"501-M0111-B-64-1,41-43",185.17,185.19,175,9.6489,19.4331,1/21/2026 11:27,16.5608,TS,3,7.1118
501,M0111,B,65,R,1,41,43,M0111-B-65-1,"501-M0111-B-65-1,41-43",188.22,188.24,176,9.7192,19.2531,1/21/2026 11:29,16.748,TS,5,7.0226
501,M0111,B,66,R,1,41,43,M0111-B-66-1,"501-M0111-B-66-1,41-43",191.27,191.29,171,9.4852,16.8875,1/21/2026 11:29,14.8664,TS,1,6.3713
501,M0111,B,67,R,1,44,46,M0111-B-67-1,"501-M0111-B-67-1,44-46",194.35,194.37,178,9.6099,20.1562,1/21/2026 13:49,17.7965,MS,5,7.337
501,M0111,B,68,R,1,139,141,M0111-B-68-1,"501-M0111-B-68-1,139-141",198.35,198.37,179,9.5829,18.3818,1/21/2026 13:49,16.2688,MS,1,6.775
501,M0111,B,69,R,1,123,125,M0111-B-69-1,"501-M0111-B-69-1,123-125",201.24,201.26,180,9.5632,19.0797,1/21/2026 13:51,16.4704,MS,2,6.9318
501,M0111,B,70,R,1,116,118,M0111-B-70-1,"501-M0111-B-70-1,116-118",204.22,204.24,191,9.535,16.8458,1/21/2026 17:20,14.8705,MS,1,6.4536
501,M0111,B,72,R,1,38,40,M0111-B-72-1,"501-M0111-B-72-1,38-40",207.71,207.73,210,9.752,21.6517,1/21/2026 17:20,19.2001,MS,2,7.9516
501,M0111,B,75,R,1,38,40,M0111-B-75-1,"501-M0111-B-75-1,38-40",215.71,215.73,211,9.7985,19.6673,1/21/2026 17:20,18.0356,MS,3,7.5088
501,M0111,B,73,R,1,38,40,M0111-B-73-1,"501-M0111-B-73-1,38-40",210.21,210.23,212,9.7664,19.173,1/21/2026 18:36,16.6235,MS,2,7.0529
501,M0111,B,74,R,1,38,40,M0111-B-74-1,"501-M0111-B-74-1,38-40",213.26,213.28,213,9.3755,18.6355,1/21/2026 18:36,16.623,MS,3,6.964
501,M0111,B,78,R,1,38,40,M0111-B-78-1,"501-M0111-B-78-1,38-40",220.31,220.33,214,9.996,18.5683,1/21/2026 18:36,16.7289,MS,5,7.0471
501,M0111,B,71,R,1,48,50,M0111-B-71-1,"501-M0111-B-71-1,48-50",206.59,206.61,217,9.6671,18.3874,1/21/2026 19:52,15.9142,MS,3,6.8734
501,M0111,B,81,R,1,18.0,20,M0111-B-81-1,"501-M0111-B-81-1,18-20",224.27,224.29,218,10.0969,19.1861,1/21/2026 19:52,17.7645,MS,5,7.4513
501,M0111,B,83,R,1,36,38,M0111-B-83-1,"501-M0111-B-83-1,36-38",224.94,224.96,219,9.6617,18.3681,1/21/2026 19:52,16.0781,MS,1,6.7846
501,M0111,B,84,R,1,38,40,M0111-B-84-1,"501-M0111-B-84-1,38-40",228.01,228.03,250,9.8892,20.436,1/21/2026 20:53,18.1047,MS,5,7.5533
501,M0111,B,87,R,1,44,46,M0111-B-87-1,"501-M0111-B-87-1,44-46",234.17,234.19,251,9.814,19.681,1/21/2026 20:53,17.409,MS,1,7.2371
501,M0111,B,88,R,1,38,40,M0111-B-88-1,"501-M0111-B-88-1,38-40",234.91,234.93,252,9.814,19.9155,1/21/2026 20:53,17.3921,MS,2,7.2775
501,M0111,B,92,R,1,28,30,M0111-B-92-1,"501-M0111-B-92-1,28-30",245.21,245.23,215,10.084,20.4244,1/21/2026 22:25,17.9635,TS,1,7.5358
501,M0111,B,93,R,1,34,36,M0111-B-93-1,"501-M0111-B-93-1,34-36",245.62,245.64,216,10.0795,20.4165,1/21/2026 22:25,18.3243,TS,2,7.6493
501,M0111,B,89,R,1,38,40,M0111-B-89-1,"501-M0111-B-89-1,38-40",237.96,237.98,151,9.7264,20.3897,1/21/2026 22:25,17.815,TS,3,7.4426
501,M0111,B,94,R,1,42,44,M0111-B-94-1,"501-M0111-B-94-1,42-44",247.15,247.17,152,9.7155,19.9877,1/22/2026 10:48,17.5392,TS,2,7.3445
501,M0111,B,95,R,1,67,69,M0111-B-95-1,"501-M0111-B-95-1,67-69",250.45,250.47,153,9.6697,17.6418,1/22/2026 10:49,15.691,TS,3,6.7163
501,M0111,B,96,R,1,38,40,M0111-B-96-1,"501-M0111-B-96-1,38-40",251.91,251.93,154,9.7118,20.151,1/22/2026 10:51,17.9246,TS,5,7.4634
501,M0111,B,97,R,1,38,40,M0111-B-97-1,"501-M0111-B-97-1,38-40",253.21,253.23,155,9.7377,20.0121,1/22/2026 11:32,17.1691,TS,3,7.1895
501,M0111,B,98,R,1,38,40,M0111-B-98-1,"501-M0111-B-98-1,38-40",255.91,255.93,156,9.6449,20.707,1/22/2026 11:32,18.4628,TS,5,7.6836
501,M0111,B,99,R,1,38,40,M0111-B-99-1,"501-M0111-B-99-1,38-40",256.66,256.68,157,9.6017,19.9168,1/22/2026 11:33,18.037,TS,1,7.5299
501,M0111,B,100,R,1,38,40,M0111-B-100-1,"501-M0111-B-100-1,38-40",259.31,259.33,158,9.5899,19.2843,1/22/2026 13:57,17.3663,MS,5,7.1381
501,M0111,B,101,R,1,38,40,M0111-B-101-1,"501-M0111-B-101-1,38-40",262.36,262.38,159,9.716,16.9598,1/22/2026 13:57,15.032,MS,1,6.4031
501,M0111,B,103,R,1,43,45,M0111-B-103-1,"501-M0111-B-103-1,43-45",268.51,268.53,160,9.4581,20.558,1/22/2026 13:57,18.4407,MS,2,7.6275
501,M0111,B,102,R,1,29,31,M0111-B-102-1,"501-M0111-B-102-1,29-31",265.32,265.34,240,9.859,18.9358,1/22/2026 17:30,17.3791,MS,1,7.3085
501,M0111,B,104,R,1,18,20,M0111-B-104-1,"501-M0111-B-104-1,18-20",271.31,271.33,241,9.8089,18.4413,1/22/2026 17:30,16.9721,MS,2,7.0276
501,M0111,B,105,R,1,28,30,M0111-B-105-1,"501-M0111-B-105-1,28-30",274.46,274.48,242,9.9348,20.2883,1/22/2026 17:30,19.5633,MS,3,7.7331
501,M0111,B,106,R,1,38,40,M0111-B-106-1,"501-M0111-B-106-1,38-40",275.56,275.58,243,9.8368,19.7871,1/22/2026 18:36,18.2676,MS,2,7.6106
501,M0111,B,107,R,1,38,40,M0111-B-107-1,"501-M0111-B-107-1,38-40",277.61,277.63,245,9.8492,19.5879,1/22/2026 18:36,18.1819,MS,3,7.5791
501,M0111,B,108,R,1,18,20,M0111-B-108-1,"501-M0111-B-108-1,18-20",278.31,278.33,246,9.7553,19.9134,1/22/2026 18:36,18.2189,MS,5,7.5833
501,M0111,B,109,R,1,38,40,M0111-B-109-1,"501-M0111-B-109-1,38-40",278.76,278.78,247,9.8389,18.243,1/22/2026 19:56,17.347,MS,3,7.266
501,M0111,B,114,R,1,41,43,M0111-B-114-1,"501-M0111-B-114-1,41-43",281.94,281.96,248,9.6745,21.2863,1/22/2026 19:56,19.191,MS,5,7.9267
501,M0111,B,115,R,1,23,25,M0111-B-115-1,"501-M0111-B-115-1,23-25",285.16,285.18,249,9.9565,20.6576,1/22/2026 19:56,18.6956,MS,1,7.6588
501,M0111,B,116,R,1,38,40,M0111-B-116-1,"501-M0111-B-116-1,38-40",288.37,288.39,200,9.6303,18.3376,1/22/2026 21:22,16.3843,TS,5,6.9037
501,M0111,B,117,R,1,38,40,M0111-B-117-1,"501-M0111-B-117-1,38-40",289.71,289.73,201,9.7538,19.4399,1/22/2026 21:22,17.6063,TS,1,7.3386
501,M0111,B,119,R,1,48,50,M0111-B-119-1,"501-M0111-B-119-1,48-50",293.31,293.33,202,9.9245,19.3689,1/22/2026 21:22,17.4617,TS,2,7.2874
501,M0111,B,120,R,1,38,40,M0111-B-120-1,"501-M0111-B-120-1,38-40",296.01,296.03,203,10.0562,20.397,1/22/2026 22:15,18.1989,TS,1,7.6232
501,M0111,B,121,R,1,45,47,M0111-B-121-1,"501-M0111-B-121-1,45-47",299.13,299.15,204,9.9425,18.5939,1/22/2026 22:15,16.4969,TS,2,7.0216
501,M0111,B,122,R,1,38,40,M0111-B-122-1,"501-M0111-B-122-1,38-40",301.52,301.54,205,9.6086,17.1372,1/22/2026 22:15,15.6331,TS,3,6.5851
501,M0111,B,125,R,1,38,40,M0111-B-125-1,"501-M0111-B-125-1,38-40",306.71,306.73,207,9.772,20.4003,1/23/2026 8:32,18.7097,TS,2,7.7513
501,M0111,B,126,R,1,33,35,M0111-B-126-1,"501-M0111-B-126-1,33-35",307.41,307.43,208,10.0436,18.5306,1/23/2026 8:32,16.1489,TS,3,6.9479
501,M0111,B,127,R,1,38,40,M0111-B-127-1,"501-M0111-B-127-1,38-40",310.51,310.53,209,9.6794,19.4734,1/23/2026 8:32,17.2522,TS,5,7.2672
501,M0111,B,128,R,1,41,43,M0111-B-128-1,"501-M0111-B-128-1,41-43",314.7,314.72,230,9.805,20.1222,1/23/2026 10:37,18.0108,TS,3,7.5028
501,M0111,B,129,R,1,46,48,M0111-B-129-1,"501-M0111-B-129-1,46-48",316.29,316.31,231,9.8868,20.9123,1/23/2026 10:37,18.6494,TS,5,7.6544
501,M0111,B,130,R,1,77,79,M0111-B-130-1,"501-M0111-B-130-1,77-79",319.65,319.67,232,9.8775,18.2667,1/23/2026 10:37,16.4052,TS,1,6.9324
501,M0111,B,131,R,1,38,40,M0111-B-131-1,"501-M0111-B-131-1,38-40",322.31,322.33,233,9.9605,17.9155,1/23/2026 11:27,16.4984,TS,5,6.9432
501,M0111,B,132,R,1,2,4,M0111-B-132-1,"501-M0111-B-132-1,2-4",323.85,323.87,234,10.0063,16.3762,1/23/2026 11:27,14.7271,TS,1,6.3068
501,M0111,B,133,R,1,38,40,M0111-B-133-1,"501-M0111-B-133-1,38-40",326.51,326.53,235,9.9943,16.159,1/23/2026 11:27,14.521,TS,2,6.1589
501,M0111,B,134,R,1,30,32,M0111-B-134-1,"501-M0111-B-134-1,30-32",329.28,329.3,236,9.8712,21.7986,1/23/2026 13:22,19.8656,MS,1,8.2341
501,M0111,B,135,R,1,41,43,M0111-B-135-1,"501-M0111-B-135-1,41-43",331.24,331.26,237,9.8347,19.6396,1/23/2026 13:24,18.0123,MS,2,7.4956
501,M0111,B,137,R,1,38,40,M0111-B-137-1,"501-M0111-B-137-1,38-40",332.96,332.98,238,9.924,17.6579,1/23/2026 13:26,16.148,MS,3,6.8113
501,M0111,B,138,R,1,38,40,M0111-B-138-1,"501-M0111-B-138-1,38-40",335.36,335.38,239,10.0279,17.2626,1/23/2026 13:46,15.7719,MS,2,6.6338
501,M0111,B,139,R,1,38,40,M0111-B-139-1,"501-M0111-B-139-1,38-40",336.71,336.73,270,9.7308,18.9089,1/23/2026 13:46,16.9849,MS,3,7.0975
501,M0111,B,140,R,1,35,37,M0111-B-140-1,"501-M0111-B-140-1,35-37",338.38,338.4,271,9.9113,19.1517,1/23/2026 13:46,17.8282,MS,5,7.4609
501,M0111,B,144,R,1,18,20,M0111-B-144-1,"501-M0111-B-144-1,18-20",344.61,344.63,1,9.8663,19.2977,1/23/2026 15:09,17.7547,MS,3,7.4247
501,M0111,B,147,R,1,38,40,M0111-B-147-1,"501-M0111-B-147-1,38-40",346.51,346.53,2,9.4933,18.2957,1/23/2026 15:09,16.9095,MS,5,7.0655
501,M0111,B,151,R,1,50,52,M0111-B-151-1,"501-M0111-B-151-1,50-52",350.53,350.55,3,9.7539,18.7707,1/23/2026 15:09,17.5026,MS,1,7.3328
501,M0111,B,149,R,1,38,40,M0111-B-149-1,"501-M0111-B-149-1,38-40",348.41,348.43,8,9.5216,19.6174,1/23/2026 15:55,17.3269,MS,5,7.3004
501,M0111,B,152,R,1,28,30,M0111-B-152-1,"501-M0111-B-152-1,28-30",351.56,351.58,9,9.5977,20.6676,1/23/2026 15:55,18.687,MS,1,7.7686
501,M0111,B,154,R,1,18,20,M0111-B-154-1,"501-M0111-B-154-1,18-20",353.76,353.78,10,9.9909,17.9189,1/23/2026 15:55,16.8444,MS,2,7.0787
501,M0111,B,155,R,1,49,51,M0111-B-155-1,"501-M0111-B-155-1,49-51",356.04,356.06,4,9.4749,19.0988,1/23/2026 18:05,17.2475,MS,1,7.0865
501,M0111,B,157,R,1,38,40,M0111-B-157-1,"501-M0111-B-157-1,38-40",361.21,361.23,6,9.8908,17.117,1/23/2026 18:05,15.5135,MS,2,6.5204
501,M0111,B,158,R,1,43,45,M0111-B-158-1,"501-M0111-B-158-1,43-45",362.16,362.18,7,9.8834,20.8619,1/23/2026 18:05,18.1652,MS,3,7.3907
501,M0111,B,159,R,1,3,5,M0111-B-159-1,"501-M0111-B-159-1,3-5",364.81,364.83,272,10.0933,20.5949,1/23/2026 18:10,18.0163,MS,2,7.4437
501,M0111,B,160,R,1,38,40,M0111-B-160-1,"501-M0111-B-160-1,38-40",366.46,366.48,273,9.643,19.2993,1/23/2026 18:10,17.9896,MS,3,7.4787
501,M0111,B,161,R,1,38,40,M0111-B-161-1,"501-M0111-B-161-1,38-40",369.21,369.23,274,9.9089,19.1825,1/23/2026 18:10,17.5614,MS,5,7.345
501,M0111,B,165,R,1,38,40,M0111-B-165-1,"501-M0111-B-165-1,38-40",378.36,378.38,275,9.7669,21.488,1/23/2026 19:42,19.2181,MS,2,7.9199
501,M0111,B,166,R,1,42,44,M0111-B-166-1,"501-M0111-B-166-1,42-44",381.45,381.47,276,9.9183,19.5184,1/23/2026 19:42,17.431,MS,5,7.0877
501,M0111,C,1,H,1,38,40,M0111-C-1-1,"501-M0111-C-1-1,38-40",45.94,45.96,277,9.8652,19.2447,1/23/2026 19:42,17.9158,MS,1,7.4896
501,M0111,C,2,H,1,38,40,M0111-C-2-1,"501-M0111-C-2-1,38-40",48.05,48.07,278,10.157,20.0211,1/23/2026 20:08,16.9872,TS,1,7.1081
501,M0111,C,3,H,2,2,4,M0111-C-3-2,"501-M0111-C-3-2,2-4",49.79,49.81,279,9.9806,19.7421,1/23/2026 20:08,16.7874,TS,2,7.0131
501,M0111,C,6,H,1,17,19,M0111-C-6-1,"501-M0111-C-6-1,17-19",111.53,111.55,161,9.7497,20.4795,1/23/2026 20:08,18.3721,TS,3,7.5574
501,M0111,C,7,R,1,38,40,M0111-C-7-1,"501-M0111-C-7-1,38-40",120.74,120.76,168,9.8671,19.9446,1/23/2026 22:15,17.1862,TS,2,7.1178
501,M0111,C,8,R,2,40,42,M0111-C-8-2,"501-M0111-C-8-2,40-42",126.41,126.43,169,9.4825,19.1778,1/23/2026 22:15,17.1659,TS,3,7.0971
501,M0111,C,5,H,1,41,43,M0111-C-5-1,"501-M0111-C-5-1,41-43",110.41,110.43,170,9.595,20.9839,1/23/2026 22:15,18.612,TS,5,7.5971
501,M0111,C,9,R,1,38,40,M0111-C-9-1,"501-M0111-C-9-1,38-40",126.74,126.76,181,9.5058,20.6961,1/24/2026 10:48,18.2391,TS,3,7.4826
501,M0111,C,10,R,1,38,40,M0111-C-10-1,"501-M0111-C-10-1,38-40",150.38,150.4,182,9.7033,19.3204,1/24/2026 10:49,16.2983,TS,5,6.8409
501,M0111,C,11,R,1,49,51,M0111-C-11-1,"501-M0111-C-11-1,49-51",153.49,153.51,183,9.6636,19.5759,1/24/2026 10:51,16.3548,TS,1,6.9204
501,M0111,C,12,R,1,38,40,M0111-C-12-1,"501-M0111-C-12-1,38-40",156.38,156.4,184,9.8976,17.8937,1/24/2026 11:45,15.8869,TS,5,6.6776
501,M0111,C,13,R,1,38,40,M0111-C-13-1,"501-M0111-C-13-1,38-40",159.38,159.4,185,9.8465,19.5679,1/24/2026 11:45,17.3764,TS,1,7.2502
501,M0111,C,14,R,1,38,40,M0111-C-14-1,"501-M0111-C-14-1,38-40",161.54,161.56,186,9.8185,17.6805,1/24/2026 11:45,16.0946,TS,2,6.7417
501,M0111,C,15,R,1,38,40,M0111-C-15-1,"501-M0111-C-15-1,38-40",162.74,162.76,187,9.7688,18.1132,1/24/2026 12:29,16.3167,TS,1,6.831
501,M0111,C,17,R,1,8,10,M0111-C-17-1,"501-M0111-C-17-1,8-10",166.44,166.46,188,9.8792,17.1109,1/24/2026 12:29,15.3039,TS,2,6.419
501,M0111,C,18,R,1,38,40,M0111-C-18-1,"501-M0111-C-18-1,38-40",168.74,168.76,189,9.7583,18.1557,1/24/2026 12:29,16.1611,TS,3,6.7886
501,M0111,C,20,R,1,65.5,67.5,M0111-C-20-1,"501-M0111-C-20-1,65.5-67.5",172.015,172.035,190,9.7571,20.4007,1/24/2026 15:18,17.7613,TS,2,7.3669
501,M0111,C,21,R,1,34,36,M0111-C-21-1,"501-M0111-C-21-1,34-36",177.7,177.72,280,10.0747,20.1543,1/24/2026 15:18,17.4599,TS,3,7.3956
501,M0111,C,21,R,2,146,148,M0111-C-21-2,"501-M0111-C-21-2,146-148",180.34,180.36,281,9.8647,18.4381,1/24/2026 15:18,15.8843,TS,5,6.7804
501,M0111,C,22,R,1,12.5,191,M0111-C-22-1,"501-M0111-C-22-1,12.5-191",185.125,185.145,191,9.535,20.406,1/24/2026 16:33,17.599,MS,3,7.436
501,M0111,C,23,R,1,41.5,151,M0111-C-23-1,"501-M0111-C-23-1,41.5-151",186.775,186.795,151,9.7264,20.1972,1/24/2026 16:33,17.3246,MS,5,7.3859
501,M0111,C,24,R,2,38,210,M0111-C-24-2,"501-M0111-C-24-2,38-210",191.24,191.26,210,9.752,19.1322,1/24/2026 16:33,16.7624,MS,1,7.0674
501,M0111,C,25,R,1,38,40,M0111-C-25-1,"501-M0111-C-25-1,38-40",192.74,192.76,211,9.7985,18.2432,1/24/2026 18:35,15.9091,MS,5,6.7388
501,M0111,C,26,R,1,30,32,M0111-C-26-1,"501-M0111-C-26-1,30-32",195.66,195.68,212,9.7664,19.7087,1/24/2026 18:35,17.3122,MS,1,7.2379
501,M0111,C,27,R,1,38,40,M0111-C-27-1,"501-M0111-C-27-1,38-40",198.74,198.76,213,9.3755,20.4728,1/24/2026 18:35,18.1522,MS,2,7.236
501,M0111,C,28,R,1,38,40,M0111-C-28-1,"501-M0111-C-28-1,38-40",201.74,201.76,214,9.996,21.1278,1/24/2026 20:55,18.7494,MS,1,7.5959
501,M0111,C,29,R,1,30,32,M0111-C-29-1,"501-M0111-C-29-1,30-32",204.66,204.68,215,10.084,20.5497,1/24/2026 20:55,18.6983,MS,2,7.5382
501,M0111,C,30,R,1,48,50,M0111-C-30-1,"501-M0111-C-30-1,48-50",207.84,207.86,216,10.0795,20.2514,1/24/2026 20:55,17.4343,MS,3,7.4657
501,M0111,C,31,R,1,38,40,M0111-C-31-1,"501-M0111-C-31-1,38-40",210.74,210.76,217,9.6671,20.0573,1/26/2026 7:49,17.9662,TS,2,7.4806
501,M0111,C,32,R,1,38,40,M0111-C-32-1,"501-M0111-C-32-1,38-40",213.74,213.76,218,10.0969,20.6925,1/26/2026 7:49,19.1013,TS,3,7.9034
501,M0111,C,33,R,1,38,40,M0111-C-33-1,"501-M0111-C-33-1,38-40",216.74,216.76,219,9.6617,20.8082,1/26/2026 7:49,18.5063,TS,5,7.6558
501,M0111,C,34,R,1,38,40,M0111-C-34-1,"501-M0111-C-34-1,38-40",219.74,219.76,162,9.8842,21.0256,1/26/2026 9:35,19.3107,TS,3,7.9508
501,M0111,C,35,R,1,48,50,M0111-C-35-1,"501-M0111-C-35-1,48-50",222.84,222.86,163,9.5631,19.8404,1/26/2026 9:35,18.2723,TS,5,7.5656
501,M0111,C,36,R,1,37.5,39.5,M0111-C-36-1,"501-M0111-C-36-1,37.5-39.5",223.535,223.555,164,9.9097,17.7898,1/26/2026 9:35,16.9749,TS,1,7.1132
501,M0111,C,39,R,1,30,32,M0111-C-39-1,"501-M0111-C-39-1,30-32",229.66,229.68,165,9.8137,20.1268,1/26/2026 10:00,17.4302,TS,5,7.2897
501,M0112,A,1,H,1,55,57,M0112-A-1-1,"501-M0112-A-1-1,55-57",0.55,0.57,166,9.5335,17.3532,1/26/2026 10:00,15.6159,TS,1,6.5732
501,M0112,A,2,H,1,38,40,M0112-A-2-1,"501-M0112-A-2-1,38-40",2.59,2.61,167,9.8196,19.8212,1/26/2026 10:00,17.6881,TS,2,7.3835
501,M0112,A,3,H,1,44,46,M0112-A-3-1,"501-M0112-A-3-1,44-46",5.45,5.47,200,9.6303,20.0983,1/26/2026 10:47,18.3143,TS,1,7.5812
501,M0112,A,4,H,1,36,38,M0112-A-4-1,"501-M0112-A-4-1,36-38",7.53,7.55,201,9.7538,16.975,1/26/2026 10:47,15.6444,TS,2,6.5831
501,M0112,A,5,H,1,40,42,M0112-A-5-1,"501-M0112-A-5-1,40-42",9.65,9.67,202,9.9245,19.0395,1/26/2026 10:47,17.1789,TS,3,7.1675
501,M0112,A,6,H,1,38,40,M0112-A-6-1,"501-M0112-A-6-1,38-40",11.83,11.85,203,10.0562,18.3873,1/26/2026 12:10,16.862,TS,2,7.0725
501,M0112,A,7,H,1,38,40,M0112-A-7-1,"501-M0112-A-7-1,38-40",12.59,12.61,204,9.9425,18.7173,1/26/2026 12:10,16.8216,TS,3,7.0162
501,M0112,A,8,H,1,38,40,M0112-A-8-1,"501-M0112-A-8-1,38-40",14.96,14.98,205,9.6086,17.2906,1/26/2026 12:10,15.5778,TS,5,6.5398
501,M0112,A,9,H,1,38,40,M0112-A-9-1,"501-M0112-A-9-1,38-40",17.61,17.63,207,9.772,17.9485,1/26/2026 15:22,16.3342,MS,3,6.7893
501,M0112,A,10,H,1,60,63,M0112-A-10-1,"501-M0112-A-10-1,60-63",20.47,20.49,208,10.0436,21.2489,1/26/2026 15:22,19.1006,MS,5,7.9294
501,M0112,A,11,H,1,11,113,M0112-A-11-1,"501-M0112-A-11-1,11-113",21.39,21.41,209,9.6794,19.5214,1/26/2026 15:22,17.9381,MS,1,7.4685
501,M0112,A,13,H,1,24,26,M0112-A-13-1,"501-M0112-A-13-1,24-26",24.16,24.18,233,9.9605,18.3021,1/26/2026 15:22,17.1424,MS,5,7.144
501,M0112,A,14,H,1,26,28,M0112-A-14-1,"501-M0112-A-14-1,26-28",24.59,24.61,234,10.0063,18.956,1/26/2026 15:22,17.6286,MS,1,7.354
501,M0112,A,15,H,1,48,50,M0112-A-15-1,"501-M0112-A-15-1,48-50",26.27,26.29,235,9.9943,17.3248,1/26/2026 15:22,16.167,MS,2,6.5989
501,M0112,A,16,H,1,38,40,M0112-A-16-1,"501-M0112-A-16-1,38-40",28.05,28.07,230,9.805,17.6291,1/26/2026 16:44,16.2586,MS,1,6.8306
501,M0112,A,20,H,1,38,40,M0112-A-20-1,"501-M0112-A-20-1,38-40",33.51,33.53,231,9.8868,21.284,1/26/2026 16:44,17.9371,MS,2,7.8529
501,M0112,A,21,H,1,38,40,M0112-A-21-1,"501-M0112-A-21-1,38-40",35.19,35.21,232,9.8775,21.3052,1/26/2026 16:44,19.0659,MS,3,7.8583
501,M0112,A,22,H,1,38,40,M0112-A-22-1,"501-M0112-A-22-1,38-40",37.17,37.19,161,9.7497,20.9198,1/26/2026 18:55,18.5484,MS,2,7.7394
501,M0112,A,23,H,1,44,46,M0112-A-23-1,"501-M0112-A-23-1,44-46",39.03,39.05,168,9.8671,19.0955,1/26/2026 18:55,16.4892,MS,3,6.8772
501,M0112,A,24,H,1,38,40,M0112-A-24-1,"501-M0112-A-24-1,38-40",41.76,41.78,169,9.4825,20.9432,1/26/2026 18:55,19.1298,MS,5,7.8993
501,M0112,A,25,H,1,38,40,M0112-A-25-1,"501-M0112-A-25-1,38-40",44.52,44.54,170,9.595,17.8546,1/26/2026 18:59,17.7094,MS,3,7.3339
501,M0112,A,28,H,1,38,40,M0112-A-28-1,"501-M0112-A-28-1,38-40",46.81,46.83,236,9.8712,21.2786,1/26/2026 18:59,18.9183,MS,5,7.8426
501,M0112,A,29,H,1,18,20,M0112-A-29-1,"501-M0112-A-29-1,18-20",47.61,47.63,237,9.8347,20.7559,1/26/2026 18:59,18.4306,MS,1,7.6417
501,M0112,A,31,H,1,38,40,M0112-A-31-1,"501-M0112-A-31-1,38-40",50.34,50.36,238,9.924,20.2892,1/26/2026 20:08,18.3385,MS,5,7.6418
501,M0112,A,32,H,1,43,45,M0112-A-32-1,"501-M0112-A-32-1,43-45",51.88,51.9,239,10.0279,20.3792,1/26/2026 20:08,18.2622,MS,1,7.5815
501,M0112,A,33,H,1,38,40,M0112-A-33-1,"501-M0112-A-33-1,38-40",53.99,54.01,181,9.5058,20.034,1/26/2026 20:08,17.8571,MS,2,7.3153
501,M0112,A,34,H,1,44,46,M0112-A-34-1,"501-M0112-A-34-1,44-46",55.59,55.61,182,9.7033,18.7245,1/26/2026 22:13,16.7326,TS,1,6.9561
501,M0112,A,36,R,1,38,40,M0112-A-36-1,"501-M0112-A-36-1,38-40",56.68,56.7,183,9.6636,20.3765,1/26/2026 22:13,17.8176,TS,2,7.3318
501,M0112,A,37,R,1,18,20,M0112-A-37-1,"501-M0112-A-37-1,18-20",59.39,59.41,184,9.8976,21.001,1/26/2026 22:13,18.8864,TS,3,7.7922
501,M0112,A,38,R,1,28,30,M0112-A-38-1,"501-M0112-A-38-1,28-30",59.89,59.91,185,9.8465,22.6698,1/27/2026 7:50,19.9149,TS,2,8.1613
501,M0112,A,39,R,1,38,40,M0112-A-39-1,"501-M0112-A-39-1,38-40",60.89,60.91,186,9.8185,20.3959,1/27/2026 7:50,17.5316,TS,3,7.3217
501,M0112,A,40,R,1,38,40,M0112-A-40-1,"501-M0112-A-40-1,38-40",62.59,62.61,187,9.7688,20.6906,1/27/2026 7:50,17.8364,TS,5,7.3615
501,M0112,A,41,H,1,63.5,65.5,M0112-A-41-1,"501-M0112-A-41-1,63.5-65.5",65.845,65.865,188,9.8792,19.1796,1/27/2026 9:16,16.4311,TS,3,6.8913
501,M0112,A,42,H,1,35.5,37.5,M0112-A-42-1,"501-M0112-A-42-1,35.5-37.5",67.945,67.965,189,9.7583,19.7846,1/27/2026 9:16,17.223,TS,5,7.1277
501,M0112,A,43,H,1,33,35,M0112-A-43-1,"501-M0112-A-43-1,33-35",68.67,68.69,190,9.7571,21.4721,1/27/2026 9:16,18.9373,TS,1,7.7823
501,M0112,A,44,H,1,7,9,M0112-A-44-1,"501-M0112-A-44-1,7-9",69.49,69.51,240,9.859,18.1834,1/27/2026 10:07,15.7194,TS,5,6.5876
501,M0112,A,45,H,1,50,52,M0112-A-45-1,"501-M0112-A-45-1,50-52",70.58,70.6,241,9.8089,18.0278,1/27/2026 10:07,16.227,TS,1,6.8065
501,M0112,A,46,H,1,40,42,M0112-A-46-1,"501-M0112-A-46-1,40-42",71.51,71.53,242,9.9348,18.4865,1/27/2026 10:07,16.1384,TS,2,6.745
501,M0112,A,47,H,1,30,32,M0112-A-47-1,"501-M0112-A-47-1,30-32",72.48,72.5,243,9.8368,21.1269,1/27/2026 12:02,18.4597,TS,1,7.6172
501,M0112,A,48,H,2,41.5,43.5,M0112-A-48-2,"501-M0112-A-48-2,41.5-43.5",73.425,73.445,245,9.8492,20.5042,1/27/2026 12:02,18.1798,TS,2,7.4903
501,M0112,A,50,R,1,37,39,M0112-A-50-1,"501-M0112-A-50-1,37-39",75.76,75.78,246,9.7553,20.9116,1/27/2026 12:02,17.9295,TS,3,7.4268
501,M0112,A,51,R,1,41,43,M0112-A-51-1,"501-M0112-A-51-1,41-43",77.65,77.67,247,9.8389,18.1853,1/27/2026 13:38,15.917,MS,2,6.6465
501,M0112,A,52,R,1,35,37,M0112-A-52-1,"501-M0112-A-52-1,35-37",80.56,80.58,248,9.6745,20.8324,1/27/2026 13:38,17.7646,MS,3,7.3582
501,M0112,A,53,R,1,40,42,M0112-A-53-1,"501-M0112-A-53-1,40-42",83.61,83.63,249,9.9565,17.5525,1/27/2026 13:38,15.2105,MS,5,6.3873
501,M0112,A,54,R,1,70,72,M0112-A-54-1,"501-M0112-A-54-1,70-72",86.91,86.93,1,9.8663,20.1656,1/27/2026 15:11,17.378,MS,3,7.255
501,M0112,A,55,R,1,43,45,M0112-A-55-1,"501-M0112-A-55-1,43-45",88.14,88.16,2,9.4933,15.6806,1/27/2026 15:11,13.6794,MS,5,5.8274
501,M0112,A,56,R,1,41,43,M0112-A-56-1,"501-M0112-A-56-1,41-43",89.62,89.64,3,9.7539,20.385,1/27/2026 15:11,16.8879,MS,1,7.1066
501,M0112,A,57,R,1,40,42,M0112-A-57-1,"501-M0112-A-57-1,40-42",91.11,91.13,4,9.4749,20.2154,1/27/2026 18:20,17.0072,MS,5,7.0703
501,M0112,A,59,R,1,38,40,M0112-A-59-1,"501-M0112-A-59-1,38-40",94.09,94.11,6,9.8908,18.8895,1/27/2026 18:20,15.9723,MS,1,6.9616
501,M0112,A,60,R,1,38,40,M0112-A-60-1,"501-M0112-A-60-1,38-40",95.59,95.61,7,9.8834,20.9529,1/27/2026 18:20,18.8959,MS,2,7.8078
501,M0112,A,62,H,1,38,40,M0112-A-62-1,"501-M0112-A-62-1,38-40",97.79,97.81,8,9.5216,20.3642,1/27/2026 18:23,18.7815,MS,1,7.795
501,M0112,A,63,R,1,8,10,M0112-A-63-1,"501-M0112-A-63-1,8-10",98.94,98.96,9,9.5977,21.056,1/27/2026 18:23,19.6475,MS,2,8.0871
501,M0112,A,67,R,1,38,40,M0112-A-67-1,"501-M0112-A-67-1,38-40",102.71,102.73,10,9.9909,21.8954,1/27/2026 18:23,20.3292,MS,3,8.4207
501,M0112,A,68,R,1,8,10,M0112-A-68-1,"501-M0112-A-68-1,8-10",103.32,103.34,280,10.0747,20.2678,1/27/2026 18:26,18.7637,MS,2,7.7332
501,M0112,A,70,R,1,38,40,M0112-A-70-1,"501-M0112-A-70-1,38-40",104.66,104.68,281,9.8647,22.0951,1/27/2026 18:26,20.2985,MS,3,8.2913
501,M0112,A,71,R,1,12,14,M0112-A-71-1,"501-M0112-A-71-1,12-14",107.33,107.35,282,10.1076,21.7094,1/27/2026 18:26,19.8843,MS,5,8.1389
501,M0112,A,72,H,1,18,20,M0112-A-72-1,"501-M0112-A-72-1,18-20",110.39,110.41,283,9.6502,19.814,1/27/2026 18:30,17.6178,MS,3,7.3526
501,M0112,A,75,H,1,8,10,M0112-A-75-1,"501-M0112-A-75-1,8-10",113.29,113.31,284,10.0555,20.7505,1/27/2026 18:30,19.1507,MS,5,7.9244
501,M0112,A,78,H,1,38,40,M0112-A-78-1,"501-M0112-A-78-1,38-40",115.59,115.61,285,10.051,19.7659,1/27/2026 18:30,17.9118,MS,1,7.4888
501,M0112,A,81,R,1,8,10,M0112-A-81-1,"501-M0112-A-81-1,8-10",117.28,117.3,286,9.5493,21.5416,1/27/2026 18:32,20.0117,MS,5,8.251
501,M0112,A,82,H,1,38,40,M0112-A-82-1,"501-M0112-A-82-1,38-40",119.59,119.61,287,10.169,18.8567,1/27/2026 18:32,17.2934,MS,1,7.2702
501,M0112,A,85,H,1,38,40,M0112-A-85-1,"501-M0112-A-85-1,38-40",121.95,121.97,288,10.1602,21.402,1/27/2026 18:32,19.0701,MS,2,7.9578
501,M0112,A,58,H,1,52,54,M0112-A-58-1,"501-M0112-A-58-1,52-54",92.73,92.75,289,9.6906,20.5522,1/27/2026 20:01,17.2042,TS,1,7.0976
501,M0112,A,84,R,1,38,40,M0112-A-84-1,"501-M0112-A-84-1,38-40",120.74,120.76,270,9.7308,18.5204,1/27/2026 20:01,16.8735,TS,2,7.0641
501,M0112,A,86,H,1,38,40,M0112-A-86-1,"501-M0112-A-86-1,38-40",122.5,122.52,271,9.9113,19.8167,1/27/2026 20:01,18.0529,TS,3,7.5656
501,M0112,A,89,H,1,45,47,M0112-A-89-1,"501-M0112-A-89-1,45-47",124.92,124.94,272,10.0933,13.625,1/27/2026 21:33,11.0191,TS,2,5.1443
501,M0112,A,87,H,1,8,10,M0112-A-87-1,"501-M0112-A-87-1,8-10",124.23,124.25,273,9.643,19.5071,1/27/2026 21:33,17.9602,TS,3,7.5139
501,M0112,A,90,H,1,38,40,M0112-A-90-1,"501-M0112-A-90-1,38-40",126.27,126.29,274,9.9089,21.7066,1/27/2026 21:33,19.0642,TS,5,7.893
501,M0112,A,91,H,1,39,41,M0112-A-91-1,"501-M0112-A-91-1,39-41",126.86,126.88,275,9.7669,18.4714,1/27/2026 21:35,15.799,TS,3,6.7326
501,M0112,A,92,H,1,38,40,M0112-A-92-1,"501-M0112-A-92-1,38-40",128.51,128.53,276,9.9183,19.8253,1/27/2026 21:35,17.512,TS,5,7.2896
501,M0112,A,93,H,1,34,36,M0112-A-93-1,"501-M0112-A-93-1,34-36",131.11,131.13,277,9.8652,20.776,1/27/2026 21:35,17.8365,TS,1,7.4985
501,M0112,A,94,H,1,38,40,M0112-A-94-1,"501-M0112-A-94-1,38-40",133.98,134,278,10.157,21.1139,1/27/2026 22:22,18.0573,TS,5,7.5318
501,M0112,A,95,H,1,36,38,M0112-A-95-1,"501-M0112-A-95-1,36-38",136.62,136.64,279,9.9806,18.8421,1/27/2026 22:22,16.1544,TS,1,7.0106
501,M0112,A,96,H,1,38,40,M0112-A-96-1,"501-M0112-A-96-1,38-40",138.56,138.58,250,9.8892,19.3024,1/27/2026 22:22,17.0619,TS,2,7.2799
501,M0112,A,99,R,1,53,55,M0112-A-99-1,"501-M0112-A-99-1,53-55",141.59,141.61,251,9.814,19.8975,1/28/2026 9:50,17.0822,TS,1,7.2606
501,M0112,A,100,R,1,41,43,M0112-A-100-1,"501-M0112-A-100-1,41-43",142.57,142.59,252,9.814,19.522,1/28/2026 9:50,16.8039,TS,2,7.152
501,M0112,A,101,R,1,41,43,M0112-A-101-1,"501-M0112-A-101-1,41-43",143.59,143.61,253,9.8927,19.5534,1/28/2026 9:50,16.6183,TS,3,7.1234
501,M0112,A,102,R,1,41,43,M0112-A-102-1,"501-M0112-A-102-1,41-43",146.74,146.76,254,9.8201,19.0874,1/28/2026 10:58,16.003,TS,2,6.9472
501,M0112,A,103,R,1,39,41,M0112-A-103-1,"501-M0112-A-103-1,39-41",148.62,148.64,255,9.9283,16.6391,1/28/2026 10:58,14.6847,TS,3,6.2646
501,M0112,A,106,H,1,10.5,12.5,M0112-A-106-1,"501-M0112-A-106-1,10.5-12.5",153.77,153.79,256,9.8771,17.5787,1/28/2026 10:58,16.3096,TS,5,6.8645
501,M0112,A,104,R,1,21,23,M0112-A-104-1,"501-M0112-A-104-1,21-23",150.62,150.64,257,9.7717,16.0815,1/28/2026 13:05,14.5757,TS,3,6.1493
501,M0112,A,109,H,1,8,10,M0112-A-109-1,"501-M0112-A-109-1,8-10",155.6,155.62,258,9.8593,19.9139,1/28/2026 13:05,17.1861,TS,5,7.1846
501,M0112,A,111,H,1,26,28,M0112-A-111-1,"501-M0112-A-111-1,26-28",155.595,155.615,259,9.9797,20.6402,1/28/2026 13:05,18.5771,TS,1,7.2
501,M0112,A,112,H,1,38,40,M0112-A-112-1,"501-M0112-A-112-1,38-40",157.75,157.77,210,9.752,20.6815,1/28/2026 13:08,18.6859,MS,5,7.7355
501,M0112,A,113,H,1,38,40,M0112-A-113-1,"501-M0112-A-113-1,38-40",158.87,158.89,211,9.7985,21.7757,1/28/2026 13:08,19.593,MS,1,8.0882
501,M0112,A,114,H,1,2,4,M0112-A-114-1,"501-M0112-A-114-1,2-4",160.86,160.88,212,9.7664,20.133,1/28/2026 13:08,18.4596,MS,2,7.6663
501,M0112,A,115,H,1,38,40,M0112-A-115-1,"501-M0112-A-115-1,38-40",161.16,161.18,213,9.3755,17.8062,1/28/2026 14:02,16.1294,MS,1,6.7624
501,M0112,A,116,H,1,38,40,M0112-A-116-1,"501-M0112-A-116-1,38-40",163,163.02,214,9.996,20.3633,1/28/2026 14:02,18.7143,MS,2,7.7895
501,M0112,A,117,H,1,38,40,M0112-A-117-1,"501-M0112-A-117-1,38-40",164.8,164.82,215,10.084,21.5803,1/28/2026 14:02,19.9108,MS,3,8.216
501,M0112,A,118,H,1,27,29,M0112-A-118-1,"501-M0112-A-118-1,27-29",167.92,167.94,216,10.0795,19.1563,1/28/2026 16:16,17.2242,MS,2,7.2033
501,M0112,A,119,H,1,38,40,M0112-A-119-1,"501-M0112-A-119-1,38-40",170.78,170.8,217,9.6671,19.2151,1/28/2026 16:16,17.3208,MS,3,7.2364
501,M0112,A,120,H,1,38,40,M0112-A-120-1,"501-M0112-A-120-1,38-40",173.4,173.42,218,10.0969,21.1519,1/28/2026 16:16,19.3525,MS,5,8.0179
501,M0112,A,121,H,1,38,40,M0112-A-121-1,"501-M0112-A-121-1,38-40",175.92,175.94,219,9.6617,17.6768,1/28/2026 17:30,16.3653,MS,3,6.903
501,M0112,A,122,H,1,38,40,M0112-A-122-1,"501-M0112-A-122-1,38-40",178.27,178.29,171,9.4852,21.1616,1/28/2026 17:30,17.0651,MS,5,7.8588
501,M0112,A,123,H,1,38,40,M0112-A-123-1,"501-M0112-A-123-1,38-40",180.63,180.65,172,9.5744,19.1913,1/28/2026 17:30,17.1139,MS,1,7.1638
501,M0112,A,124,H,1,38,40,M0112-A-124-1,"501-M0112-A-124-1,38-40",183.31,183.33,173,9.5055,21.1468,1/28/2026 19:47,19.2906,MS,5,7.9214
501,M0112,A,125,H,1,38,40,M0112-A-125-1,"501-M0112-A-125-1,38-40",185.8,185.82,174,9.8544,20.1014,1/28/2026 19:47,18.4351,MS,1,7.6323
501,M0112,A,126,H,1,44,46,M0112-A-126-1,"501-M0112-A-126-1,44-46",198.26,198.28,175,9.6489,20.904,1/28/2026 19:47,18.1442,MS,2,7.4862
501,M0112,A,127,H,1,38,40,M0112-A-127-1,"501-M0112-A-127-1,38-40",189.01,189.03,176,9.7192,22.3937,1/28/2026 19:50,19.9229,MS,1,8.2675
501,M0112,A,128,H,1,38,40,M0112-A-128-1,"501-M0112-A-128-1,38-40",191.76,191.78,177,9.4539,19.9595,1/28/2026 19:50,18.3844,MS,2,7.5931
501,M0112,A,130,H,1,38,40,M0112-A-130-1,"501-M0112-A-130-1,38-40",194.17,194.19,178,9.6099,20.5904,1/28/2026 19:50,17.987,MS,3,7.5051
501,M0112,A,129,H,1,18,20,M0112-A-129-1,"501-M0112-A-129-1,18-20",193.26,193.28,179,9.5829,20.5488,1/28/2026 20:36,18.3416,MS,2,7.6192
501,M0112,A,132,H,1,38,40,M0112-A-132-1,"501-M0112-A-132-1,38-40",195.59,195.61,180,9.5632,19.0031,1/28/2026 20:36,16.6794,MS,3,6.9842
501,M0112,A,133,H,1,38,40,M0112-A-133-1,"501-M0112-A-133-1,38-40",197.59,197.61,151,9.7264,21.0972,1/28/2026 20:36,18.5019,MS,5,7.6825
501,M0112,A,134,R,1,18,20,M0112-A-134-1,"501-M0112-A-134-1,18-20",200.39,200.41,240,9.859,22.6677,1/28/2026 21:44,20.5638,TS,3,8.4844
501,M0112,A,136,H,1,38,40,M0112-A-136-1,"501-M0112-A-136-1,38-40",203.59,203.61,241,9.8089,19.6237,1/28/2026 21:44,17.9674,TS,5,7.4762
501,M0112,A,138,H,1,38,40,M0112-A-138-1,"501-M0112-A-138-1,38-40",208.09,208.11,242,9.9348,18.6123,1/28/2026 21:44,17.0426,TS,1,7.151
501,M0112,A,139,H,1,38,40,M0112-A-139-1,"501-M0112-A-139-1,38-40",208.32,208.34,243,9.8368,20.8103,1/28/2026 21:44,18.9463,TS,5,7.8294
501,M0112,A,140,H,1,38,40,M0112-A-140-1,"501-M0112-A-140-1,38-40",210.71,210.73,245,9.8492,20.7497,1/28/2026 21:44,18.5419,TS,1,7.7135
501,M0112,A,141,H,1,38,40,M0112-A-141-1,"501-M0112-A-141-1,38-40",213.06,213.08,246,9.7553,21.2077,1/28/2026 21:44,19.182,TS,2,7.9189
501,M0112,A,137,H,1,9,11,M0112-A-137-1,"501-M0112-A-137-1,9-11",205.66,205.68,230,9.805,20.8864,1/29/2026 9:21,18.6832,TS,1,7.7948
501,M0112,A,142,H,1,40,42,M0112-A-142-1,"501-M0112-A-142-1,40-42",215.72,215.74,231,9.8868,22.3657,1/29/2026 9:21,19.9403,TS,2,8.1846
501,M0112,A,143,H,1,42,44,M0112-A-143-1,"501-M0112-A-143-1,42-44",216.49,216.51,232,9.8775,17.3219,1/29/2026 9:21,15.7126,TS,3,6.6034
501,M0112,A,144,R,1,41,43,M0112-A-144-1,"501-M0112-A-144-1,41-43",216.45,216.47,233,9.9605,17.5348,1/29/2026 9:58,15.8517,TS,2,6.6759
501,M0112,A,145,R,1,41,43,M0112-A-145-1,"501-M0112-A-145-1,41-43",218.61,218.63,234,10.0063,19.4816,1/29/2026 9:58,17.6548,TS,3,7.3757
501,M0112,A,147,R,1,8,10,M0112-A-147-1,"501-M0112-A-147-1,8-10",220.23,220.25,235,9.9943,20.2912,1/29/2026 9:58,17.9989,TS,5,7.4787
501,M0112,A,148,R,1,8,10,M0112-A-148-1,"501-M0112-A-148-1,8-10",221.62,221.64,236,9.8712,20.6713,1/29/2026 11:13,18.521,TS,3,7.713
501,M0112,A,150,H,1,31.5,33.5,M0112-A-150-1,"501-M0112-A-150-1,31.5-33.5",224.62,224.64,237,9.8347,22.7894,1/29/2026 11:13,20.592,TS,5,8.427
501,M0112,A,152,R,1,11,13,M0112-A-152-1,"501-M0112-A-152-1,11-13",225.74,225.76,239,10.0279,18.7081,1/29/2026 11:13,16.6708,TS,1,6.9719
501,M0112,A,151,R,1,43,45,M0112-A-151-1,"501-M0112-A-151-1,43-45",224.74,224.76,239,10.0279,20.737,1/29/2026 11:34,18.5369,TS,5,7.6828
501,M0112,A,153,R,1,32,34,M0112-A-153-1,"501-M0112-A-153-1,32-34",227.525,227.545,152,9.7155,18.4195,1/29/2026 11:34,16.8403,TS,1,7.0643
501,M0112,A,154,H,1,35,37,M0112-A-154-1,"501-M0112-A-154-1,35-37",228.32,228.34,153,9.6697,21.5481,1/29/2026 11:34,19.193,TS,2,7.943
501,M0112,A,155,H,1,15.5,17.5,M0112-A-155-1,"501-M0112-A-155-1,15.5-17.5",229.27,229.29,154,9.7118,22.007,1/29/2026 13:14,19.488,TS,1,8.0565
501,M0112,A,156,H,1,28,30,M0112-A-156-1,"501-M0112-A-156-1,28-30",230.77,230.79,155,9.7377,14.2743,1/29/2026 13:14,11.5375,TS,2,5.5057
501,M0112,A,156,H,1,41,43,M0112-A-156-1,"501-M0112-A-156-1,41-43",230.8,230.82,156,9.6449,21.2076,1/29/2026 13:14,18.2995,TS,3,7.6496
501,M0112,A,157,H,1,41,43,M0112-A-157-1,"501-M0112-A-157-1,41-43",231.335,231.355,157,9.6017,19.319,1/29/2026 13:25,17.5607,MS,2,7.3258
501,M0112,A,159,R,1,41,43,M0112-A-159-1,"501-M0112-A-159-1,41-43",233.35,233.37,158,9.5899,19.9764,1/29/2026 13:25,17.8736,MS,3,7.2964
501,M0112,A,160,R,1,41,43,M0112-A-160-1,"501-M0112-A-160-1,41-43",235.62,235.64,159,9.716,19.8493,1/29/2026 13:25,17.5957,MS,5,7.3095
501,M0112,A,160,R,1,91,93,M0112-A-160-1,"501-M0112-A-160-1,91-93",235.62,235.64,160,9.4581,20.4744,1/29/2026 14:06,18.0418,MS,3,7.4867
501,M0112,A,161,R,1,38,40,M0112-A-161-1,"501-M0112-A-161-1,38-40",238.62,238.64,161,9.7497,19.6691,1/29/2026 14:06,17.3047,MS,5,7.5778
501,M0112,A,162,R,1,40,42,M0112-A-162-1,"501-M0112-A-162-1,40-42",240.62,240.64,162,9.8842,17.9381,1/29/2026 14:26,16.2377,MS,1,6.8254
501,M0112,A,163,R,1,32,34,M0112-A-163-1,"501-M0112-A-163-1,32-34",243.12,243.14,163,9.5631,17.9038,1/29/2026 18:31,16.1815,MS,5,6.7877
501,M0112,A,164,R,1,30,32,M0112-A-164-1,"501-M0112-A-164-1,30-32",244.09,244.11,164,9.9097,21.4808,1/29/2026 18:31,16.6872,MS,1,7.777
501,M0112,A,165,R,1,45,47,M0112-A-165-1,"501-M0112-A-165-1,45-47",245.61,245.63,165,9.8137,19.9236,1/29/2026 18:31,19.9768,MS,2,6.9834
501,M0112,A,167,R,1,38,40,M0112-A-167-1,"501-M0112-A-167-1,38-40",249.13,249.15,166,9.5335,20.2182,1/29/2026 19:29,18.593,MS,1,7.6573
501,M0112,A,168,R,1,38,40,M0112-A-168-1,"501-M0112-A-168-1,38-40",251.94,251.96,167,9.8196,20.7502,1/29/2026 19:29,19.3361,MS,2,7.984
501,M0112,A,169,R,1,38,40,M0112-A-169-1,"501-M0112-A-169-1,38-40",254.51,254.53,168,9.8671,20.6386,1/29/2026 19:29,18.7478,MS,3,7.7723
501,M0112,A,166,R,1,38,40,M0112-A-166-1,"501-M0112-A-166-1,38-40",247.94,247.96,169,9.4825,16.5902,1/29/2026 21:15,15.6484,MS,2,6.5524
501,M0112,A,170,H,1,38,40,M0112-A-170-1,"501-M0112-A-170-1,38-40",257.4,257.42,170,9.595,20.7199,1/29/2026 21:15,18.705,MS,3,7.7381
501,M0112,A,171,H,1,38,40,M0112-A-171-1,"501-M0112-A-171-1,38-40",259.9,259.92,181,9.5058,21.0104,1/29/2026 21:15,19.1236,MS,5,7.8898
501,M0112,A,172,H,1,38,40,M0112-A-172-1,"501-M0112-A-172-1,38-40",262.2,262.22,182,9.7033,19.4489,1/29/2026 21:55,17.9679,TS,3,7.4677
501,M0112,A,173,H,1,45,47,M0112-A-173-1,"501-M0112-A-173-1,45-47",264.24,264.26,183,9.6636,21.3863,1/29/2026 21:55,18.7937,TS,5,7.7366
501,M0112,A,174,H,1,10,12,M0112-A-174-1,"501-M0112-A-174-1,10-12",265.08,265.1,184,9.8976,21.6217,1/29/2026 21:55,19.4358,TS,1,8.0316
501,M0112,A,175,H,1,38,40,M0112-A-175-1,"501-M0112-A-175-1,38-40",266.81,266.83,185,9.8465,19.7995,1/29/2026 21:55,17.654,TS,5,7.317
501,M0112,A,176,H,1,18,20,M0112-A-176-1,"501-M0112-A-176-1,18-20",269.79,269.81,186,9.8185,22.6972,1/29/2026 21:55,20.531,TS,1,8.4443
501,M0112,A,177,H,1,8,10,M0112-A-177-1,"501-M0112-A-177-1,8-10",270.64,270.66,187,9.7688,21.4312,1/29/2026 21:55,19.4982,TS,2,8.0213
501,M0112,A,178,H,1,38,40,M0112-A-178-1,"501-M0112-A-178-1,38-40",273.73,273.75,188,9.8792,21.9442,1/30/2026 9:18,19.8917,TS,1,8.1949
501,M0112,A,179,H,1,38,40,M0112-A-179-1,"501-M0112-A-179-1,38-40",276.11,276.13,189,9.7583,21.0236,1/30/2026 9:18,18.9684,TS,2,7.7987
501,M0112,A,180,H,1,31,33,M0112-A-180-1,"501-M0112-A-180-1,31-33",277.82,277.84,190,9.7571,19.3358,1/30/2026 9:18,17.3657,TS,3,7.2214
501,M0112,A,182,R,1,8,10,M0112-A-182-1,"501-M0112-A-182-1,8-10",280.12,280.14,200,9.6303,16.3958,1/30/2026 10:57,15.0921,TS,2,6.3384
501,M0112,A,183,R,1,6,8,M0112-A-183-1,"501-M0112-A-183-1,6-8",281.59,281.61,201,9.7538,19.7329,1/30/2026 10:57,18.5121,TS,3,7.6987
501,M0112,A,185,R,1,73.5,75.5,M0112-A-185-1,"501-M0112-A-185-1,73.5-75.5",284.52,284.54,202,9.9245,21.8254,1/30/2026 10:57,19.3379,TS,5,7.7849
501,M0112,A,186,R,1,25,27,M0112-A-186-1,"501-M0112-A-186-1,25-27",286.29,286.31,203,10.0562,19.592,1/30/2026 13:22,17.1083,MS,3,7.1695
501,M0112,A,187,R,1,8,10,M0112-A-187-1,"501-M0112-A-187-1,8-10",288.27,288.29,204,9.9425,20.6643,1/30/2026 13:29,18.8447,MS,5,7.803
501,M0112,A,189,R,1,38,40,M0112-A-189-1,"501-M0112-A-189-1,38-40",290.945,290.965,205,9.6086,16.4011,1/30/2026 13:29,14.9691,MS,1,6.3155
501,M0112,A,191,R,1,8,10,M0112-A-191-1,"501-M0112-A-191-1,8-10",292.46,292.48,207,9.772,19.1912,1/30/2026 13:29,17.6256,MS,5,7.3461
501,M0112,A,195,R,1,18,20,M0112-A-195-1,"501-M0112-A-195-1,18-20",295.49,295.51,208,10.0436,16.1728,1/30/2026 13:29,14.7233,MS,1,6.2319
501,M0112,A,196,R,1,38,40,M0112-A-196-1,"501-M0112-A-196-1,38-40",296.04,296.06,209,9.6794,22.4194,1/30/2026 13:29,19.8598,MS,2,8.1274
501,M0112,A,197,R,1,38,40,M0112-A-197-1,"501-M0112-A-197-1,38-40",297.29,297.31,1,9.8663,20.6238,1/30/2026 13:29,18.3883,MS,1,7.6233
501,M0112,A,198,R,1,38,40,M0112-A-198-1,"501-M0112-A-198-1,38-40",298.39,298.41,2,9.4933,18.3462,1/30/2026 13:29,16.5797,MS,2,6.9152
501,M0112,A,200,R,1,38,40,M0112-A-200-1,"501-M0112-A-200-1,38-40",300.59,300.61,3,9.7539,17.813,1/30/2026 13:29,16.0261,MS,3,6.7908
501,M0112,A,204,R,1,61,63,M0112-A-204-1,"501-M0112-A-204-1,61-63",304.59,304.61,191,9.535,21.6492,1/30/2026 17:26,19.0795,TS,2,7.7523
501,M0112,A,205,R,1,38,40,M0112-A-205-1,"501-M0112-A-205-1,38-40",305.59,305.61,151,9.7264,19.9959,1/30/2026 17:26,17.9291,TS,3,7.4255
501,M0112,A,204,R,1,115,117,M0112-A-204-1,"501-M0112-A-204-1,115-117",304.59,304.61,152,9.7155,21.8859,1/30/2026 17:26,19.6241,TS,5,7.993
501,M0112,A,206,R,1,14,16,M0112-A-206-1,"501-M0112-A-206-1,14-16",306.82,306.84,153,9.6697,20.3817,1/30/2026 17:28,17.9769,TS,3,7.4542
501,M0112,A,209,R,1,9,10,M0112-A-209-1,"501-M0112-A-209-1,9-10",309.59,309.61,250,9.8892,19.9364,1/30/2026 17:28,17.329,TS,5,7.1614
501,M0112,A,210,R,1,19,20,M0112-A-210-1,"501-M0112-A-210-1,19-20",311.36,311.38,251,9.814,19.9478,1/30/2026 17:28,17.4853,TS,1,7.3011
501,M0112,A,212,R,1,67,69,M0112-A-212-1,"501-M0112-A-212-1,67-69",312.35,312.37,252,9.814,21.6409,1/30/2026 21:45,19.4307,TS,5,7.9539
501,M0112,A,214,R,1,44,46,M0112-A-214-1,"501-M0112-A-214-1,44-46",314.3,314.32,253,9.8927,22.4841,1/30/2026 21:45,20.0662,TS,1,8.1777
501,M0112,A,216,R,1,99,101,M0112-A-216-1,"501-M0112-A-216-1,99-101",317.4,317.42,254,9.8201,21.4343,1/30/2026 21:45,19.002,TS,2,7.7467
501,M0112,A,221,R,1,25,27,M0112-A-221-1,"501-M0112-A-221-1,25-27",328.88,328.9,255,9.9283,19.9232,1/30/2026 21:45,18.4443,TS,1,7.6848
501,M0112,A,217,R,1,46,48,M0112-A-217-1,"501-M0112-A-217-1,46-48",320.65,320.67,256,9.8771,18.5827,1/30/2026 21:45,16.7653,TS,2,6.8451
501,M0112,A,215,R,1,108,110,M0112-A-215-1,"501-M0112-A-215-1,108-110",316.2,316.22,257,9.7717,19.5125,1/30/2026 21:45,17.7644,TS,3,7.3332
501,M0112,A,218,R,1,35,37,M0112-A-218-1,"501-M0112-A-218-1,35-37",322.46,322.48,258,9.8593,21.0534,1/30/2026 21:45,19.087,TS,2,7.7742
501,M0112,A,219,R,1,38,40,M0112-A-219-1,"501-M0112-A-219-1,38-40",324.47,324.49,259,9.9797,21.2138,1/30/2026 21:45,19.1595,TS,3,7.9579
501,M0112,B,2,H,1,38,40,M0112-B-2-1,"501-M0112-B-2-1,38-40",28.6,28.62,230,9.805,18.9761,1/30/2026 21:45,17.3141,TS,5,7.2118
501,M0112,B,3,H,1,68,70,M0112-B-3-1,"501-M0112-B-3-1,68-70",31.07,31.09,231,9.8868,20.0022,1/30/2026 21:45,18.4698,TS,3,7.709
501,M0112,B,5,H,1,38,40,M0112-B-5-1,"501-M0112-B-5-1,38-40",54.38,54.4,232,9.8775,21.4373,1/30/2026 21:45,19.7025,TS,5,8.0928
501,M0112,B,6,H,1,38,40,M0112-B-6-1,"501-M0112-B-6-1,38-40",55.9,55.92,233,9.9605,18.1446,1/30/2026 21:45,16.718,TS,1,7.0529
501,M0112,B,7,R,1,39.5,41.5,M0112-B-7-1,"501-M0112-B-7-1,39.5-41.5",57.215,57.235,234,10.0063,21.9702,1/31/2026 9:10,19.5789,TS,5,8.0014
501,M0112,B,8,R,1,28,30,M0112-B-8-1,"501-M0112-B-8-1,28-30",58.6,58.62,235,9.9943,22.2731,1/31/2026 9:10,20.1433,TS,1,8.286
501,M0112,B,9,R,1,34,36,M0112-B-9-1,"501-M0112-B-9-1,34-36",60.16,60.18,236,9.8712,20.9235,1/31/2026 9:10,18.5158,TS,2,7.6277
501,M0112,B,10,R,1,39,41,M0112-B-10-1,"501-M0112-B-10-1,39-41",61.71,61.73,237,9.8347,23.0324,1/31/2026 13:55,19.0514,TS,1,7.8554
501,M0112,B,12,R,1,36,38,M0112-B-12-1,"501-M0112-B-12-1,36-38",82.36,82.38,238,9.924,20.532,1/31/2026 13:55,17.0359,TS,2,7.0567
501,M0112,B,13,R,1,38,40,M0112-B-13-1,"501-M0112-B-13-1,38-40",83.88,83.9,239,10.0279,21.6257,1/31/2026 13:55,18.1127,TS,3,7.4793
501,M0112,B,14,R,1,66,68,M0112-B-14-1,"501-M0112-B-14-1,66-68",87.16,87.18,171,9.4852,20.0489,1/31/2026 13:55,16.9553,TS,2,7.0012
501,M0112,B,15,R,1,42,44,M0112-B-15-1,"501-M0112-B-15-1,42-44",89.92,89.94,172,9.5744,19.12,1/31/2026 13:55,16.0782,TS,3,6.7348
501,M0112,B,16,R,1,53.5,55.5,M0112-B-16-1,"501-M0112-B-16-1,53.5-55.5",93.035,93.055,173,9.5055,18.8014,1/31/2026 13:55,15.8921,TS,5,6.6056
501,M0112,B,17,R,1,41.5,43.5,M0112-B-17-1,"501-M0112-B-17-1,41.5-43.5",95.915,95.935,174,9.8544,18.4543,1/31/2026 13:55,15.9931,MS,3,6.7275
501,M0112,B,18,R,1,18,20,M0112-B-18-1,"501-M0112-B-18-1,18-20",98.68,98.7,175,9.6489,17.0172,1/31/2026 13:55,15.9816,MS,5,6.7206
501,M0112,B,19,R,1,41.5,43.5,M0112-B-19-1,"501-M0112-B-19-1,41.5-43.5",101.915,101.935,176,9.7192,17.5836,1/31/2026 13:55,16.8027,MS,1,7.0484
501,M0112,B,20,R,1,15,17,M0112-B-20-1,"501-M0112-B-20-1,15-17",103.57,103.59,177,9.4539,21.0446,1/31/2026 15:35,19.1032,MS,5,7.8333
501,M0112,B,21,R,1,8,10,M0112-B-21-1,"501-M0112-B-21-1,8-10",104.9,104.92,178,9.6099,18.7869,1/31/2026 15:35,16.9648,MS,1,7.1332
501,M0112,B,22,R,1,6,8,M0112-B-22-1,"501-M0112-B-22-1,6-8",107.88,107.9,179,9.5829,21.2031,1/31/2026 15:35,19.0891,MS,2,7.1812
501,M0112,B,24,R,1,33,35,M0112-B-24-1,"501-M0112-B-24-1,33-35",110.55,110.57,180,9.5632,20.9027,1/31/2026 16:40,18.0781,MS,1,7.4921
501,M0112,B,27,R,1,31,35,M0112-B-27-1,"501-M0112-B-27-1,31-35",138.31,138.33,210,9.752,19.9442,1/31/2026 16:40,17.2118,MS,2,7.35
501,M0112,B,28,R,1,39,41,M0112-B-28-1,"501-M0112-B-28-1,39-41",141.39,141.41,211,9.7985,20.8127,1/31/2026 16:40,17.4481,MS,3,7.4554
501,M0112,B,29,R,1,42,44,M0112-B-29-1,"501-M0112-B-29-1,42-44",144.42,144.44,212,9.7664,21.1343,1/31/2026 17:28,17.8488,MS,2,7.5391
501,M0112,B,31,R,1,35,37,M0112-B-31-1,"501-M0112-B-31-1,35-37",149.72,149.74,213,9.3755,20.7107,1/31/2026 17:28,18.1761,MS,3,7.3277
501,M0112,B,36,R,1,8,10,M0112-B-36-1,"501-M0112-B-36-1,8-10",201.9,201.92,214,9.996,21.282,1/31/2026 17:28,19.6412,MS,5,8.1127
501,M0112,B,30,R,1,57,59,M0112-B-30-1,"501-M0112-B-30-1,57-59",147.57,147.59,215,10.084,21.3581,1/31/2026 18:00,17.9906,MS,3,7.5776
501,M0112,B,35,R,1,19,21,M0112-B-35-1,"501-M0112-B-35-1,19-21",200.19,200.21,216,10.0795,21.2513,1/31/2026 18:00,19.2034,MS,5,7.9623
501,M0112,B,37,R,1,40,42,M0112-B-37-1,"501-M0112-B-37-1,40-42",203.72,203.74,217,9.6671,22.6358,1/31/2026 18:00,19.9379,MS,1,8.2474
501,M0112,B,40,R,1,38,40,M0112-B-40-1,"501-M0112-B-40-1,38-40",232.2,232.22,218,10.0969,21.1654,1/31/2026 18:17,18.6645,MS,5,7.7884
501,M0112,B,41,R,1,38,40,M0112-B-41-1,"501-M0112-B-41-1,38-40",235.2,235.22,219,9.6617,22.272,1/31/2026 18:17,19.5681,MS,1,7.9551
501,M0112,B,42,R,1,38,40,M0112-B-42-1,"501-M0112-B-42-1,38-40",236.7,236.72,243,9.8368,20.0938,1/31/2026 18:17,18.191,MS,2,7.5487
501,M0112,B,39,R,1,36,38,M0112-B-39-1,"501-M0112-B-39-1,36-38",230.68,230.7,242,9.9348,20.9464,2/2/2026 7:55,18.344,TS,1,7.604
501,M0112,B,43,R,1,34,36,M0112-B-43-1,"501-M0112-B-43-1,34-36",238.16,238.18,241,9.8089,21.0887,2/2/2026 7:55,18.5353,TS,2,7.6531
501,M0112,B,44,R,1,38,40,M0112-B-44-1,"501-M0112-B-44-1,38-40",239.7,239.72,240,9.859,19.4647,2/2/2026 7:55,17.5557,TS,3,7.3305
501,M0112,B,45,R,1,38,40,M0112-B-45-1,"501-M0112-B-45-1,38-40",241.2,241.22,245,9.8492,18.7199,2/2/2026 10:22,16.3782,TS,2,6.8511
501,M0112,B,46,R,1,38,40,M0112-B-46-1,"501-M0112-B-46-1,38-40",242.7,242.72,246,9.7553,17.6045,2/2/2026 10:22,16.2797,TS,3,6.8929
501,M0112,B,48,R,1,8,10,M0112-B-48-1,"501-M0112-B-48-1,8-10",245.4,245.42,247,9.8389,17.343,2/2/2026 10:22,15.4677,TS,5,6.4993
501,M0112,B,49,R,1,60,62,M0112-B-49-1,"501-M0112-B-49-1,60-62",247.42,247.44,248,9.6745,21.3177,2/2/2026 11:30,19.1051,TS,3,7.9214
501,M0112,B,50,R,1,38,40,M0112-B-50-1,"501-M0112-B-50-1,38-40",250.2,250.22,249,9.9565,20.9578,2/2/2026 11:30,19.6494,TS,5,8.1038
501,M0112,B,56,R,1,12,14,M0112-B-56-1,"501-M0112-B-56-1,12-14",321.94,321.96,154,9.7118,18.8974,2/2/2026 11:30,16.2687,TS,1,6.7762
501,M0112,B,51,R,1,10,12,M0112-B-51-1,"501-M0112-B-51-1,10-12",250.92,250.94,155,9.7377,19.9788,2/2/2026 12:14,17.9821,TS,5,7.4634
501,M0112,B,52,R,1,8,10,M0112-B-52-1,"501-M0112-B-52-1,8-10",252.9,252.92,156,9.6449,14.1469,2/2/2026 12:14,13.4396,TS,1,5.7834
501,M0112,B,53,R,1,8,10,M0112-B-53-1,"501-M0112-B-53-1,8-10",254.5,254.52,157,9.6017,17.7001,2/2/2026 12:14,16.1278,TS,2,6.7524
501,M0112,B,56,R,2,41,43,M0112-B-56-2,"501-M0112-B-56-2,41-43",323.24,323.26,158,9.5899,17.8366,2/2/2026 13:24,16.6582,MS,1,6.9125
501,M0112,B,57,R,1,25,27,M0112-B-57-1,"501-M0112-B-57-1,25-27",323.87,323.89,159,9.716,22.45,2/2/2026 13:24,20.6794,MS,2,8.2427
501,M0112,B,58,R,1,38,40,M0112-B-58-1,"501-M0112-B-58-1,38-40",325.2,325.22,160,9.4581,19.184,2/2/2026 13:24,17.8448,MS,3,7.4798
501,M0112,B,61,R,1,38,40,M0112-B-61-1,"501-M0112-B-61-1,38-40",331.2,331.22,161,9.7497,19.4846,2/2/2026 14:10,17.9513,MS,2,7.4401
501,M0112,B,63,R,1,12,14,M0112-B-63-1,"501-M0112-B-63-1,12-14",333.94,333.96,162,9.8842,15.3059,2/2/2026 14:10,14.2943,MS,3,6.1322
501,M0112,B,64,R,1,32,32,M0112-B-64-1,"501-M0112-B-64-1,32-32",335.64,335.66,163,9.5631,20.7338,2/2/2026 14:10,19.0827,MS,5,7.8486
501,M0112,B,65,R,1,38,40,M0112-B-65-1,"501-M0112-B-65-1,38-40",337.2,337.22,200,9.6303,20.3312,2/2/2026 18:33,18.5485,MS,3,7.7501
501,M0113,A,1,H,1,38,40,M0113-A-1-1,"501-M0113A-1H-1,38-40",0.38,0.4,201,9.7538,17.3776,2/2/2026 18:33,15.2597,MS,5,6.4513
501,M0113,A,2,H,1,37,39,M0113-A-2-1,"501-M0113A-2H-1,37-39",3.27,3.29,202,9.9245,20.8043,2/2/2026 18:33,18.4315,MS,1,7.7095
501,M0113,A,3,H,1,44,46,M0113-A-3-1,"501-M0113A-3H-1,44-46",5.74,5.76,203,10.0562,22.6442,2/2/2026 18:37,19.3894,MS,5,8.0144
501,M0113,A,4,H,1,38,40,M0113-A-4-1,"501-M0113A-4H-1,38-40",8.38,8.4,204,9.9425,19.3992,2/2/2026 18:37,17.5744,MS,1,7.3762
501,M0113,A,6,H,1,38,40,M0113-A-6-1,"501-M0113A-6H-1,38-40",11.38,11.4,205,9.6086,19.219,2/2/2026 18:37,16.7498,MS,2,6.9687
501,M0113,A,7,H,1,38,40,M0113-A-7-1,"501-M0113A-7H-1,38-40",14.15,14.17,207,9.772,20.6121,2/2/2026 20:05,18.5654,MS,1,7.7466
501,M0113,A,8,H,1,38,40,M0113-A-8-1,"501-M0113A-8H-1,38-40",16.26,16.28,208,10.0436,20.7156,2/2/2026 20:05,18.5845,MS,2,7.7169
501,M0113,A,9,H,1,38,40,M0113-A-9-1,"501-M0113A-9H-1,38-40",17.61,17.63,209,9.6794,20.6743,2/2/2026 20:05,18.4634,MS,3,7.7569
501,M0113,A,10,H,1,38,40,M0113-A-10-1,"501-M0113A-10H-1,38-40",19.57,19.59,151,9.7264,19.8041,2/2/2026 20:50,17.8382,MS,2,7.4027
501,M0113,A,11,H,1,38,40,M0113-A-11-1,"501-M0113A-11H-1,38-40",21.76,21.78,152,9.7155,19.2767,2/2/2026 20:50,17.137,MS,3,7.2052
501,M0113,A,12,H,1,38,40,M0113-A-12-1,"501-M0113A-12H-1,38-40",22.89,22.91,153,9.6697,20.9273,2/2/2026 20:50,18.418,MS,5,7.6715
501,M0113,A,13,H,1,38,40,M0113-A-13-1,"501-M0113A-13H-1,38-40",24.4,24.42,270,9.7308,21.373,2/2/2026 22:00,18.7428,TS,3,7.8247
501,M0113,A,14,H,1,38,40,M0113-A-14-1,"501-M0113A-14H-1,38-40",25.77,25.79,271,9.9113,19.252,2/2/2026 22:00,17.1143,TS,5,7.1648
501,M0113,A,15,H,1,38,40,M0113-A-15-1,"501-M0113A-15H-1,38-40",27.11,27.13,272,10.0933,20.6169,2/2/2026 22:00,18.1235,TS,1,7.5691
501,M0113,A,16,H,1,30,32,M0113-A-16-1,"501-M0113A-16H-1,30-32",29.04,29.06,273,9.643,20.7301,2/3/2026 9:23,18.097,TS,5,7.5131
501,M0113,A,17,H,1,38,40,M0113-A-17-1,"501-M0113A-17H-1,38-40",31.53,31.55,274,9.9089,18.9287,2/3/2026 9:23,17.6285,TS,1,7.3248
501,M0113,A,18,H,1,38,40,M0113-A-18-1,"501-M0113A-18H-1,38-40",33.41,33.43,275,9.7669,18.7409,2/3/2026 9:23,17.0381,TS,2,7.0906
501,M0113,A,19,H,1,30,22,M0113-A-19-1,"501-M0113A-19H-1,30-22",35.66,35.68,276,9.9183,20.3551,2/3/2026 10:35,18.3684,TS,1,7.638
501,M0113,A,21,H,1,38,40,M0113-A-21-1,"501-M0113A-21H-1,38-40",38.75,38.77,277,9.8652,21.5904,2/3/2026 10:35,18.7874,TS,2,7.7298
501,M0113,A,22,H,1,6,8,M0113-A-22-1,"501-M0113A-22H-1,6-8",40.36,40.38,278,10.157,20.2758,2/3/2026 10:35,18.1659,TS,3,7.6481
501,M0113,A,20,H,1,13,15,M0113-A-20-1,"501-M0113A-20H-1,13-15",36.76,36.78,279,9.9806,20.9595,2/3/2026 12:18,18.8153,TS,2,7.7549
501,M0113,A,23,H,1,5,7,M0113-A-23-1,"501-M0113A-23H-1,5-7",40.48,40.5,230,9.805,19.8536,2/3/2026 12:18,17.7522,TS,3,7.4904
501,M0113,A,25,H,1,38,40,M0113-A-25-1,"501-M0113A-25H-1,38-40",42.95,42.97,231,9.8868,20.7263,2/3/2026 12:18,18.9613,TS,5,7.8255
501,M0113,A,26,H,1,38,40,M0113-A-26-1,"501-M0113A-26H-1,38-40",44.92,44.94,232,9.8775,21.3788,2/3/2026 13:48,19.4558,MS,3,8.0976
501,M0113,A,27,H,1,38,40,M0113-A-27-1,"501-M0113A-27H-1,38-40",46.86,46.88,233,9.9605,19.9072,2/3/2026 13:48,18.0423,MS,5,7.4772
501,M0113,A,28,H,1,38,40,M0113-A-28-1,"501-M0113A-28H-1,38-40",48.85,48.87,234,10.0063,18.4833,2/3/2026 13:48,16.7944,MS,1,7.0785
501,M0113,A,29,H,1,82,84,M0113-A-29-1,"501-M0113A-29H-1,82-84",51.23,51.25,235,9.9943,17.9927,2/3/2026 16:55,16.3954,MS,5,6.8772
501,M0113,A,30,H,1,45,47,M0113-A-30-1,"501-M0113A-30H-1,45-47",52.36,52.38,236,9.8712,19.4196,2/3/2026 16:55,17.3498,MS,1,7.2226
501,M0113,A,31,H,1,38,40,M0113-A-31-1,"501-M0113A-31H-1,38-40",54.27,54.29,237,9.8347,21.4944,2/3/2026 16:55,19.306,MS,2,7.967
501,M0113,A,32,H,1,38,40,M0113-A-32-1,"501-M0113A-32H-1,38-40",55.4,55.42,238,9.924,21.4429,2/3/2026 18:40,19.0757,MS,1,7.8592
501,M0113,A,33,H,1,82,84,M0113-A-33-1,"501-M0113A-33H-1,82-84",58.34,58.36,239,10.0279,22.0734,2/3/2026 18:40,19.7181,MS,2,8.0628
501,M0113,A,34,H,1,38,40,M0113-A-34-1,"501-M0113A-34H-1,38-40",60.32,60.34,250,9.8892,20.0548,2/3/2026 18:40,18.5577,MS,3,7.7085
501,M0113,A,35,H,1,38,40,M0113-A-35-1,"501-M0113A-35H-1,38-40",62.12,62.14,251,9.814,20.069,2/3/2026 18:45,18.7697,MS,2,7.5436
501,M0113,A,36,H,1,38,40,M0113-A-36-1,"501-M0113A-36H-1,38-40",64.06,64.08,252,9.814,20.707,2/3/2026 18:45,19.2404,MS,3,7.907
501,M0113,A,37,H,1,38,40,M0113-A-37-1,"501-M0113A-37H-1,38-40",65.82,65.84,253,9.8927,21.7146,2/3/2026 18:45,19.9667,MS,5,8.2023
501,M0113,A,38,H,1,15,17,M0113-A-38-1,"501-M0113A-38H-1,15-17",67.16,67.18,254,9.8201,20.1429,2/3/2026 20:40,17.4925,MS,3,7.1986
501,M0113,A,39,H,1,33.5,35.5,M0113-A-39-1,"501-M0113A-39H-1,33.5-35.5",68.605,68.625,255,9.9283,22.1227,2/3/2026 20:40,20.2786,MS,5,8.2769
501,M0113,A,42,H,1,28,30,M0113-A-42-1,"501-M0113A-42H-1,28-30",79.68,79.7,256,9.8771,21.8039,2/3/2026 20:40,19.3357,MS,1,7.9794
501,M0113,A,44,H,1,6,8,M0113-A-44-1,"501-M0113A-44H-1,6-8",81.14,81.16,257,9.7717,19.373,2/3/2026 20:45,16.5361,MS,5,6.8633
501,M0113,A,45,R,1,38,40,M0113-A-45-1,"501-M0113A-45R-1,38-40",82.94,82.96,258,9.8593,20.9949,2/3/2026 20:45,17.7163,MS,1,7.364
501,M0113,A,47,H,1,38,40,M0113-A-47-1,"501-M0113A-47H-1,38-40",85.71,85.73,259,9.9797,18.4091,2/3/2026 20:45,18.569,MS,2,7.6546
501,M0113,A,43,H,1,39.5,41.5,M0113-A-43-1,"501-M0113A-43H-1,39.5-41.5",80.155,80.175,166,9.5335,20.6379,2/3/2026 21:43,17.7684,TS,1,7.317
501,M0113,A,48,H,1,38,40,M0113-A-48-1,"501-M0113A-48H-1,38-40",86.72,86.74,168,9.8671,20.3316,2/3/2026 21:43,17.3654,TS,2,7.1476
501,M0113,A,49,R,1,38,40,M0113-A-49-1,"501-M0113A-49R-1,38-40",87.65,87.67,169,9.4825,20.172,2/3/2026 21:43,16.8137,TS,3,6.9734
501,M0113,A,50,H,1,38,40,M0113-A-50-1,"501-M0113A-50H-1,38-40",89.87,89.89,164,9.9097,20.7649,2/3/2026 22:15,18.1317,TS,2,7.4664
501,M0113,A,53,H,1,38,40,M0113-A-53-1,"501-M0113A-53H-1,38-40",94.37,94.39,165,9.8137,20.3801,2/3/2026 22:15,17.5415,TS,3,7.2541
501,M0113,A,54,R,1,38,40,M0113-A-54-1,"501-M0113A-54R-1,38-40",95.87,95.89,170,9.595,19.0178,2/3/2026 22:15,17.1157,TS,5,7.1089
501,M0113,A,51,R,1,9.5,11.5,M0113-A-51-1,"501-M0113A-51R-1,9.5-11.5",91.085,91.105,171,9.4852,19.2685,2/4/2026 8:59,16.7393,TS,3,6.934
501,M0113,A,55,H,1,38,40,M0113-A-55-1,"501-M0113A-55H-1,38-40",97.37,97.39,172,9.5744,19.4944,2/4/2026 8:59,18.0241,TS,5,7.4512
501,M0113,A,56,H,1,38,40,M0113-A-56-1,"501-M0113A-56H-1,38-40",99.37,99.39,173,9.5055,20.3141,2/4/2026 8:59,18.1376,TS,1,7.5299
501,M0113,A,57,H,1,38,40,M0113-A-57-1,"501-M0113A-57H-1,38-40",101.78,101.8,174,9.8544,19.6666,2/4/2026 10:26,18.1253,TS,5,7.5141
501,M0113,A,58,H,1,26.5,28.5,M0113-A-58-1,"501-M0113A-58H-1,26.5-28.5",103.645,103.665,175,9.6489,19.2361,2/4/2026 10:26,17.8082,TS,1,7.3994
501,M0113,A,59,H,1,38,40,M0113-A-59-1,"501-M0113A-59H-1,38-40",104.6,104.62,176,9.7192,20.1391,2/4/2026 10:26,21.6178,TS,2,8.781
501,M0113,A,60,H,1,38,40,M0113-A-60-1,"501-M0113A-60H-1,38-40",105.41,105.43,177,9.4539,20.7123,2/4/2026 12:13,19.0957,TS,1,7.8625
501,M0113,A,62,R,1,38,40,M0113-A-62-1,"501-M0113A-62R-1,38-40",107.87,107.89,178,9.6099,22.4771,2/4/2026 12:13,20.2135,TS,2,8.2366
501,M0113,A,64,H,1,11.5,13.5,M0113-A-64-1,"501-M0113A-64H-1,11.5-13.5",110.045,110.065,179,9.5829,20.1421,2/4/2026 12:13,18.505,TS,3,7.6518
501,M0113,A,63,H,1,47,49,M0113-A-63-1,"501-M0113A-63H-1,47-49",109.46,109.48,180,9.5632,20.6554,2/4/2026 13:26,19.1612,MS,2,7.842
501,M0113,A,65,R,1,42,44,M0113-A-65-1,"501-M0113A-65R-1,42-44",110.35,110.37,240,9.859,21.8643,2/4/2026 13:26,19.6332,MS,3,8.1036
501,M0113,A,66,R,1,18,20,M0113-A-66-1,"501-M0113A-66R-1,18-20",112.17,112.19,241,9.8089,21.1871,2/4/2026 13:26,17.9053,MS,5,7.7644
501,M0113,A,67,R,1,38,40,M0113-A-67-1,"501-M0113A-67R-1,38-40",113.87,113.89,242,9.9348,21.6693,2/4/2026 14:13,19.3968,MS,3,8.0425
501,M0113,A,68,R,1,35.5,37.5,M0113-A-68-1,"501-M0113A-68R-1,35.5-37.5",115.345,115.365,243,9.8368,22.17,2/4/2026 14:13,19.3774,MS,5,7.9632
501,M0113,A,70,R,1,34,36,M0113-A-70-1,"501-M0113A-70R-1,34-36",118.33,118.35,245,9.8492,17.5987,2/4/2026 14:13,15.6428,MS,1,6.6131
501,M0113,A,69,R,1,8,10,M0113-A-69-1,"501-M0113A-69R-1,8-10",116.57,116.59,210,9.752,20.0881,2/4/2026 16:20,17.6856,MS,5,7.3069
501,M0113,A,71,R,1,20,22,M0113-A-71-1,"501-M0113A-71R-1,20-22",119.69,119.71,211,9.7985,22.1369,2/4/2026 16:20,19.3805,MS,1,7.9961
501,M0113,A,72,R,1,38,40,M0113-A-72-1,"501-M0113A-72R-1,38-40",121.37,121.39,212,9.7664,21.7209,2/4/2026 16:20,18.3681,MS,2,7.5505
501,M0113,A,73,R,1,38,40,M0113-A-73-1,"501-M0113A-73R-1,38-40",122.87,122.89,213,9.3755,19.2068,2/4/2026 16:23,18.3648,MS,1,7.0847
501,M0113,A,74,R,1,38,40,M0113-A-74-1,"501-M0113A-74R-1,38-40",124.37,124.39,214,9.996,22.5782,2/4/2026 16:23,17.0851,MS,2,8.1105
501,M0113,A,78,R,1,38,40,M0113-A-78-1,"501-M0113A-78R-1,38-40",130.37,130.39,215,10.084,20.0899,2/4/2026 16:23,18.1358,MS,3,7.5465
501,M0113,A,76,R,1,3,5,M0113-A-76-1,"501-M0113A-76R-1,3-5",127.02,127.04,216,10.0795,21.1799,2/4/2026 17:58,19.5604,MS,2,8.0302
501,M0113,A,81,R,1,38,40,M0113-A-81-1,"501-M0113A-81R-1,38-40",134.87,134.89,217,9.6671,21.4038,2/4/2026 17:58,19.1114,MS,3,7.845
501,M0113,A,83,R,1,38,40,M0113-A-83-1,"501-M0113A-83R-1,38-40",137.87,137.89,191,9.535,23.9744,2/4/2026 17:58,20.4511,MS,5,8.3506
501,M0113,A,80,R,1,41,43,M0113-A-80-1,"501-M0113A-80R-1,41-43",132.7,132.72,219,9.6617,20.9462,2/4/2026 18:01,18.2412,MS,3,7.5016
501,M0113,A,82,R,1,70,72,M0113-A-82-1,"501-M0113A-82R-1,70-72",136.69,136.71,246,9.7553,20.5717,2/4/2026 18:01,17.6824,MS,5,7.3012
501,M0113,A,84,R,1,38,40,M0113-A-84-1,"501-M0113A-84R-1,38-40",139.37,139.39,248,9.6745,21.7792,2/4/2026 18:01,19.0318,MS,1,7.8299
501,M0113,A,86,R,1,38,40,M0113-A-86-1,"501-M0113A-86R-1,38-40",143.87,143.89,249,9.9565,19.1554,2/4/2026 18:47,16.3273,MS,5,6.8757
501,M0113,A,87,R,1,38,40,M0113-A-87-1,"501-M0113A-87R-1,38-40",146.87,146.89,154,9.7118,21.1923,2/4/2026 18:47,18.417,MS,1,7.5679
501,M0113,A,88,R,1,38,40,M0113-A-88-1,"501-M0113A-88R-1,38-40",148.87,148.89,155,9.7377,21.8204,2/4/2026 18:47,18.8376,MS,2,7.6652
501,M0113,A,85,R,1,38,40,M0113-A-85-1,"501-M0113A-85R-1,38-40",140.87,140.89,156,9.6449,18.7417,2/4/2026 20:15,16.1529,MS,1,6.733
501,M0113,A,90,R,1,38,40,M0113-A-90-1,"501-M0113A-90R-1,38-40",152.97,152.99,157,9.6017,20.904,2/4/2026 20:15,18.348,MS,2,7.5286
501,M0113,A,91,R,1,28,30,M0113-A-91-1,"501-M0113A-91R-1,28-30",155.77,155.79,181,9.5058,20.9755,2/4/2026 20:15,17.9566,MS,3,7.3798
501,M0113,A,89,R,1,41,43,M0113-A-89-1,"501-M0113A-89R-1,41-43",151.9,151.92,182,9.7033,21.763,2/4/2026 21:00,19.1033,MS,2,7.83
501,M0113,A,92,R,1,38,40,M0113-A-92-1,"501-M0113A-92R-1,38-40",158.87,158.89,183,9.6636,20.2517,2/4/2026 21:00,17.7444,MS,3,7.336
501,M0113,A,93,R,1,38,40,M0113-A-93-1,"501-M0113A-93R-1,38-40",161.87,161.89,184,9.8976,20.0392,2/4/2026 21:00,18.3517,MS,5,7.5899
501,M0113,A,95,R,1,18,20,M0113-A-95-1,"501-M0113A-95R-1,18-20",164.67,164.69,185,9.8465,22.689,2/4/2026 21:02,20.7691,TS,3,8.5268
501,M0113,A,96,R,1,6,8,M0113-A-96-1,"501-M0113A-96R-1,6-8",166.05,166.07,186,9.8185,20.1358,2/4/2026 21:02,18.6873,TS,5,7.6914
501,M0113,A,98,R,1,38,40,M0113-A-98-1,"501-M0113A-98R-1,38-40",169.37,169.39,187,9.7688,22.1521,2/4/2026 21:02,20.172,TS,1,8.2869
501,M0113,A,94,R,1,24,26,M0113-A-94-1,"501-M0113A-94R-1,24-26",163.23,163.25,188,9.8792,21.4235,2/4/2026 21:35,19.4107,TS,5,7.9627
501,M0113,A,97,R,1,38,40,M0113-A-97-1,"501-M0113A-97R-1,38-40",167.87,167.89,189,9.7583,22.0206,2/4/2026 21:35,20.0702,TS,1,8.2625
501,M0113,A,99,R,1,38,40,M0113-A-99-1,"501-M0113A-99R-1,38-40",170.87,170.89,190,9.7571,21.3485,2/4/2026 21:35,19.3287,TS,2,7.9306
501,M0113,A,103,R,1,28,30,M0113-A-103-1,"501-M0113A-103R-1,28-30",176.77,176.79,280,10.0747,21.4995,2/4/2026 22:00,19.7631,TS,1,8.1737
501,M0113,A,104,R,1,38,40,M0113-A-104-1,"501-M0113A-104R-1,38-40",178.37,178.39,281,9.8647,19.3966,2/4/2026 22:00,18.248,TS,2,7.5381
501,M0113,A,106,R,1,38,40,M0113-A-106-1,"501-M0113A-106R-1,38-40",182.87,182.89,282,10.1076,22.8031,2/4/2026 22:00,20.71,TS,3,8.5011
501,M0113,A,100,R,1,32,34,M0113-A-100-1,"501-M0113A-100R-1,32-34",172.31,172.33,283,9.6502,22.1639,2/4/2026 7:55,20.501,TS,2,8.3775
501,M0113,A,101,R,1,33,35,M0113-A-101-1,"501-M0113A-101R-1,33-35",173.82,173.84,284,10.0555,20.3573,2/4/2026 7:55,18.8688,TS,3,7.8061
501,M0113,A,102,R,1,38,40,M0113-A-102-1,"501-M0113A-102R-1,38-40",175.37,175.39,285,10.051,21.9171,2/4/2026 7:55,20.23,TS,5,8.2604
501,M0113,A,105,R,1,38,40,M0113-A-105-1,"501-M0113A-105R-1,38-40",179.87,179.89,286,9.5493,20.4893,2/5/2026 9:19,18.0093,TS,3,7.4746
501,M0113,A,107,R,1,38,40,M0113-A-107-1,"501-M0113A-107R-1,38-40",185.87,185.89,287,10.169,22.8677,2/5/2026 9:19,21.3381,TS,5,8.7008
501,M0113,A,108,R,1,38,40,M0113-A-108-1,"501-M0113A-108R-1,38-40",187.37,187.39,288,10.1602,22.272,2/5/2026 9:19,20.7809,TS,1,8.5347
501,M0113,A,105,R,1,61,63,M0113-A-105-1,"501-M0113A-105R-1,61-63",180.1,180.12,289,9.6906,23.7103,2/5/2026 9:56,21.7923,TS,5,8.829
501,M0113,A,109,R,1,18,20,M0113-A-109-1,"501-M0113A-109R-1,18-20",188.67,188.69,1,9.8663,21.0155,2/5/2026 9:56,18.9973,TS,1,7.8672
501,M0113,A,110,R,1,38,40,M0113-A-110-1,"501-M0113A-110R-1,38-40",190.37,190.39,2,9.4933,22.0919,2/5/2026 9:56,20.5359,TS,2,8.396
501,M0113,A,111,R,1,18,20,M0113-A-111-1,"501-M0113A-111R-1,18-20",191.67,191.69,3,9.7539,23.0031,2/5/2026 11:04,21.1468,TS,1,8.6675
501,M0113,A,112,R,1,18,20,M0113-A-112-1,"501-M0113A-112R-1,18-20",193.17,193.19,4,9.4749,21.8149,2/5/2026 11:04,20.1324,TS,2,8.231
501,M0113,A,114,R,1,24,26,M0113-A-114-1,"501-M0113A-114R-1,24-26",196.23,196.25,6,9.8908,19.7267,2/5/2026 11:04,18.1838,TS,3,7.5345
501,M0113,A,115,R,1,14,16,M0113-A-115-1,"501-M0113A-115R-1,14-16",197.63,197.65,7,9.8834,22.1355,2/5/2026 11:13,20.694,TS,2,8.4551
501,M0113,A,116,R,1,38,40,M0113-A-116-1,"501-M0113A-116R-1,38-40",199.37,199.39,8,9.5216,22.3363,2/5/2026 11:13,20.7236,TS,3,8.4242
501,M0113,A,117,R,1,24,26,M0113-A-117-1,"501-M0113A-117R-1,24-26",200.73,200.75,9,9.5977,22.3477,2/5/2026 11:13,20.6436,TS,5,8.385
501,M0113,A,118,R,1,33,35,M0113-A-118-1,"501-M0113A-118R-1,33-35",202.32,202.34,10,9.9909,23.4201,2/5/2026 12:10,21.5778,MS,3,8.8023
501,M0113,A,119,R,1,60,62,M0113-A-119-1,"501-M0113A-119R-1,60-62",204.09,204.11,191,9.535,23.6496,2/5/2026 12:10,21.7963,MS,5,8.824
501,M0113,A,124,R,1,38,40,M0113-A-124-1,"501-M0113A-124R-1,38-40",211.37,211.39,290,9.9171,23.8819,2/5/2026 12:10,22.1235,MS,1,9.0195
501,M0113,A,120,R,1,20,22,M0113-A-120-1,"501-M0113A-120R-1,20-22",205.19,205.21,292,9.6498,17.4344,2/5/2026 13:50,16.3492,MS,1,6.8451
501,M0113,A,121,R,1,45,47,M0113-A-121-1,"501-M0113A-121R-1,45-47",206.94,206.96,293,9.7003,22.9602,2/5/2026 13:50,21.3676,MS,2,8.6976
501,M0113,A,122,R,1,15,17,M0113-A-122-1,"501-M0113A-122R-1,15-17",208.14,208.16,294,10.1689,23.1626,2/5/2026 14:06,21.2983,MS,1,8.7558
501,M0113,A,125,R,1,13,15,M0113-A-125-1,"501-M0113A-125R-1,13-15",212.62,212.64,295,10.167,18.4881,2/5/2026 14:06,17.247,MS,2,7.1945
501,M0113,A,126,R,1,38,40,M0113-A-126-1,"501-M0113A-126R-1,38-40",215.87,215.89,296,9.8502,22.9712,2/5/2026 14:06,21.0755,MS,3,8.6358
501,M0113,A,127,R,1,18,20,M0113-A-127-1,"501-M0113A-127R-1,18-20",217.17,217.19,297,9.5856,20.4612,2/5/2026 16:26,18.8469,MS,2,7.7576
501,M0113,A,128,R,1,10,12,M0113-A-128-1,"501-M0113A-128R-1,10-12",217.57,217.59,298,9.649,18.9372,2/5/2026 16:26,17.3715,MS,3,7.2499
501,M0113,A,129,R,1,38,40,M0113-A-129-1,"501-M0113A-129R-1,38-40",218.72,218.74,299,9.6849,18.8896,2/5/2026 16:26,16.9728,MS,5,7.0455
501,M0113,A,134,R,1,33,35,M0113-A-134-1,"501-M0113A-134R-1,33-35",223.27,223.29,151,9.7264,17.4079,2/5/2026 18:55,16.2675,MS,3,6.8326
501,M0113,A,135,R,1,38,40,M0113-A-135-1,"501-M0113A-135R-1,38-40",224.87,224.89,152,9.7155,20.629,2/5/2026 18:55,19.3655,MS,5,7.9513
501,M0113,A,136,R,1,38,40,M0113-A-136-1,"501-M0113A-136R-1,38-40",227.87,227.89,153,9.6697,18.6915,2/5/2026 18:55,16.3446,MS,1,6.8825
501,M0113,A,132,R,1,18,20,M0113-A-132-1,"501-M0113A-132R-1,18-20",219.62,219.64,158,9.5899,21.5862,2/5/2026 19:40,20.2172,MS,5,8.24
501,M0113,A,133,R,1,10,12,M0113-A-133-1,"501-M0113A-133R-1,10-12",221.59,221.61,159,9.716,20.6826,2/5/2026 19:40,19.3285,MS,1,7.9711
501,M0113,A,138,R,1,38,40,M0113-A-138-1,"501-M0113A-138R-1,38-40",231.97,231.99,160,9.4581,18.1845,2/5/2026 19:40,16.103,MS,2,6.7882
501,M0113,A,139,R,1,33,35,M0113-A-139-1,"501-M0113A-139R-1,33-35",232.5,232.52,161,9.7497,17.2344,2/5/2026 19:57,15.5517,MS,1,6.6193
501,M0113,A,140,R,1,44,46,M0113-A-140-1,"501-M0113A-140R-1,44-46",233.3,233.32,162,9.8842,19.6489,2/5/2026 19:57,16.9754,MS,2,7.1531
501,M0113,A,141,R,1,18,20,M0113-A-141-1,"501-M0113A-141R-1,18-20",233.67,233.69,163,9.5631,19.3196,2/5/2026 19:57,16.9642,MS,3,7.1008
501,M0113,A,142,R,1,126,128,M0113-A-142-1,"501-M0113A-142R-1,126-128",236.25,236.27,168,9.8671,20.5316,2/5/2026 20:50,17.656,MS,2,7.4344
501,M0113,A,144,R,1,38,40,M0113-A-144-1,"501-M0113A-144R-1,38-40",236.87,236.89,169,9.4825,18.0996,2/5/2026 20:50,15.7344,MS,3,6.6287
501,M0113,A,145,R,1,8,10,M0113-A-145-1,"501-M0113A-145R-1,8-10",238.07,238.09,170,9.595,17.9745,2/5/2026 20:50,15.6186,MS,5,6.5768
501,M0113,A,146,R,1,38,40,M0113-A-146-1,"501-M0113A-146R-1,38-40",239.87,239.89,164,9.9097,19.6926,2/5/2026 21:57,17.3115,TS,3,7.216
501,M0113,A,149,R,1,38,40,M0113-A-149-1,"501-M0113A-149R-1,38-40",244.37,244.39,165,9.8137,19.2349,2/5/2026 21:57,17.6135,TS,5,7.1465
501,M0113,A,150,R,1,38,40,M0113-A-150-1,"501-M0113A-150R-1,38-40",245.87,245.89,166,9.5335,19.0115,2/5/2026 21:57,17.1631,TS,1,7.0605
501,M0113,A,148,R,1,41,4,M0113-A-148-1,"501-M0113A-148R-1,41-4",242.9,242.92,230,9.805,20.2234,2/6/2026 8:10,17.5177,TS,5,7.2713
501,M0113,A,151,R,1,38,40,M0113-A-151-1,"501-M0113A-151R-1,38-40",247.37,247.39,231,9.8868,21.3814,2/6/2026 8:10,19.5296,TS,1,7.9493
501,M0113,A,152,R,1,38,40,M0113-A-152-1,"501-M0113A-152R-1,38-40",248.87,248.89,232,9.8775,20.7104,2/6/2026 8:10,19.0469,TS,2,7.7987
501,M0113,A,153,R,1,8,10,M0113-A-153-1,"501-M0113A-153R-1,8-10",250.07,250.09,233,9.9605,18.2276,2/6/2026 8:10,16.5319,TS,1,6.92
501,M0113,A,154,R,1,10,12,M0113-A-154-1,"501-M0113A-154R-1,10-12",250.94,250.96,234,10.0063,16.8794,2/6/2026 8:10,15.5254,TS,2,6.4975
501,M0113,A,156,H,1,38,40,M0113-A-156-1,"501-M0113A-156H-1,38-40",253.37,253.39,235,9.9943,20.8432,2/6/2026 8:10,18.6928,TS,3,7.7847
501,M0113,A,157,H,1,38,40,M0113-A-157-1,"501-M0113A-157H-1,38-40",254.53,254.55,236,9.8712,19.098,2/6/2026 9:24,17.3358,TK,2,7.1849
501,M0113,A,159,H,1,38,40,M0113-A-159-1,"501-M0113A-159H-1,38-40",256.94,256.96,237,9.8347,20.5539,2/6/2026 9:24,18.7529,TK,3,7.7543
501,M0113,A,160,H,1,38,40,M0113-A-160-1,"501-M0113A-160H-1,38-40",258.67,258.69,238,9.924,20.0484,2/6/2026 9:24,18.3435,TK,5,7.5705
501,M0113,A,161,H,1,8,10,M0113-A-161-1,"501-M0113A-161H-1,8-10",260.06,260.08,239,10.0279,18.5222,2/6/2026 10:10,17.1202,TK,3,7.1506
501,M0113,A,163,H,1,38,40,M0113-A-163-1,"501-M0113A-163H-1,38-40",262.01,262.03,250,9.8892,19.9696,2/6/2026 10:10,17.9876,TK,5,7.452
501,M0113,A,166,H,1,38,40,M0113-A-166-1,"501-M0113A-166H-1,38-40",265.44,265.46,251,9.814,16.5316,2/6/2026 10:10,15.1697,TK,1,6.4062
501,M0113,A,164,H,1,38,40,M0113-A-164-1,"501-M0113A-164H-1,38-40",262.87,262.89,252,9.814,16.6663,2/6/2026 11:15,15.3272,MS,5,6.4562
501,M0113,A,165,H,1,38,40,M0113-A-165-1,"501-M0113A-165H-1,38-40",263.3,263.32,253,9.8927,17.4818,2/6/2026 11:15,16.0458,MS,1,6.7607
501,M0113,A,167,H,1,38,40,M0113-A-167-1,"501-M0113A-167H-1,38-40",267.16,267.18,254,9.8201,19.8233,2/6/2026 11:15,17.4251,MS,2,7.2542
501,M0113,A,169,H,1,38,40,M0113-A-169-1,"501-M0113A-169H-1,38-40",271.33,271.35,255,9.9283,20.9899,2/6/2026 13:34,18.6811,MS,1,7.7061
501,M0113,A,171,H,1,50,52,M0113-A-171-1,"501-M0113A-171H-1,50-52",273.46,273.48,256,9.8771,20.8565,2/6/2026 13:34,18.3265,MS,2,7.6226
501,M0113,A,172,H,1,38,40,M0113-A-172-1,"501-M0113A-172H-1,38-40",274.84,274.86,257,9.7717,22.7226,2/6/2026 13:34,20.2952,MS,3,8.3952
501,M0113,A,168,H,1,7,40,M0113-A-168-1,"501-M0113A-168H-1,7-40",269.1,269.12,258,9.8593,19.9139,2/6/2026 15:10,17.7977,MS,2,7.4168
501,M0113,A,176,H,1,9,21.5,M0113-A-176-1,"501-M0113A-176H-1,9-21.5",279.83,279.85,176,9.7192,19.0111,2/6/2026 15:10,16.1011,MS,3,6.803
501,M0113,A,173,H,1,38,40,M0113-A-173-1,"501-M0113A-173H-1,38-40",277.22,277.24,259,9.9797,20.0972,2/6/2026 15:10,18.025,MS,5,7.5013
501,M0113,A,175,R,1,110,112,M0113-A-175-1,"501-M0113A-175R-1,110-112",278.84,278.86,171,9.4852,20.0772,2/6/2026 16:50,16.7309,TK,3,6.9213
501,M0113,A,177,H,1,38,40,M0113-A-177-1,"501-M0113A-177H-1,38-40",281.87,281.89,172,9.5744,20.9286,2/6/2026 16:50,17.8663,TK,5,7.3875
501,M0113,A,178,H,1,130,132,M0113-A-178-1,"501-M0113A-178H-1,130-132",284.19,284.21,173,9.5055,20.926,2/6/2026 16:50,17.607,TK,1,7.2989
501,M0113,A,179,H,1,38,40,M0113-A-179-1,"501-M0113A-179H-1,38-40",285.17,285.19,174,9.8544,19.3698,2/6/2026 17:45,16.937,TK,5,7.0104
501,M0113,A,180,H,1,38,40,M0113-A-180-1,"501-M0113A-180H-1,38-40",286.47,286.49,175,9.6489,20.5096,2/6/2026 17:45,18.0698,TK,2,7.4432
501,M0113,A,181,H,1,38,40,M0113-A-181-1,"501-M0113A-181H-1,38-40",287.37,287.39,270,9.7308,20.3442,2/6/2026 17:45,17.9013,TK,1,7.3737
501,M0113,A,182,H,1,38,40,M0113-A-182-1,"501-M0113A-182H-1,38-40",288.78,288.8,271,9.9113,18.4785,2/6/2026 18:18,16.9392,TK,3,7.0682
501,M0113,A,184,H,1,38,40,M0113-A-184-1,"501-M0113A-184H-1,38-40",291.27,291.29,272,10.0933,18.9821,2/6/2026 18:18,17.2577,TK,2,7.2038
501,M0113,A,185,H,1,38,40,M0113-A-185-1,"501-M0113A-185H-1,38-40",292.57,292.59,273,9.643,20.2084,2/6/2026 18:18,17.4352,TK,1,7.1982
501,M0113,A,187,H,1,38,40,M0113-A-187-1,"501-M0113A-187H-1,38-40",294.27,294.29,274,9.9089,21.5743,2/6/2026 19:42,18.7842,TK,3,7.6549
501,M0113,A,188,H,1,38,40,M0113-A-188-1,"501-M0113A-188H-1,38-40",294.85,294.87,275,9.7669,20.6161,2/6/2026 19:42,18.2309,TK,2,7.5942
501,M0113,A,189,R,1,28,30,M0113-A-189-1,"501-M0113A-189R-1,28-30",295.69,295.71,276,9.9183,20.5777,2/6/2026 19:42,16.8464,TK,1,7.163
501,M0113,A,190,R,1,15,17,M0113-A-190-1,"501-M0113A-190R-1,15-17",296.64,296.66,277,9.8652,20.0882,2/6/2026 20:47,17.169,MS,2,7.1452
501,M0113,A,191,H,1,26,28,M0113-A-191-1,"501-M0113A-191H-1,26-28",298.25,298.27,278,10.157,17.621,2/6/2026 20:47,14.7079,MS,3,6.3858
501,M0113,A,192,H,1,38,40,M0113-A-192-1,"501-M0113A-192H-1,38-40",300.21,300.23,279,9.9806,21.3771,2/6/2026 20:47,18.6796,MS,5,7.7927
501,M0113,A,193,H,1,32,34,M0113-A-193-1,"501-M0113A-193H-1,32-34",301.29,301.31,200,9.6303,19.9523,2/6/2026 21:15,17.5329,MS,3,7.3917
501,M0113,A,195,H,1,20,22,M0113-A-195-1,"501-M0113A-195H-1,20-22",302.89,302.91,201,9.7538,19.6348,2/6/2026 21:15,18.0197,MS,5,7.4945
501,M0113,A,197,H,1,37,39,M0113-A-197-1,"501-M0113A-197H-1,37-39",305.16,305.18,202,9.9245,18.9259,2/6/2026 21:15,16.4705,MS,1,6.9482
501,M0113,A,196,H,1,38,40,M0113-A-196-1,"501-M0113A-196H-1,38-40",303.64,303.66,6,9.8908,20.0725,2/6/2026 10:58,17.3859,MS,5,7.2488
501,M0113,A,199,H,1,38,40,M0113-A-199-1,"501-M0113A-199H-1,38-40",306.42,306.44,1,9.8663,19.5726,2/6/2026 10:58,17.5541,MS,1,7.3343
501,M0113,A,200,R,1,26,28,M0113-A-200-1,"501-M0113A-200R-1,26-28",306.72,306.74,2,9.4933,20.4819,2/6/2026 10:58,17.5807,MS,2,7.3642
501,M0113,A,200,R,1,32,34,M0113-A-200-1,"501-M0113A-200R-1,32-34",306.78,306.8,3,9.7539,18.7064,2/6/2026 10:58,16.9523,MS,1,7.1057
501,M0113,A,202,R,1,41.5,44,M0113-A-202-1,"501-M0113A-202R-1,41.5-44",311.905,311.925,4,9.4749,19.4957,2/6/2026 10:58,16.6479,MS,2,7.0629
501,M0113,A,203,R,1,41,43,M0113-A-203-1,"501-M0113A-203R-1,41-43",313.4,313.42,177,9.4539,20.1345,2/6/2026 10:58,17.4173,MS,3,7.2848
501,M0113,A,204,R,1,31,33,M0113-A-204-1,"501-M0113A-204R-1,31-33",314.8,314.82,178,9.6099,20.9154,2/6/2026 13:39,18.1832,MS,2,7.6258
501,M0113,A,206,R,1,38,40,M0113-A-206-1,"501-M0113A-206R-1,38-40",317.87,317.89,179,9.5829,20.6869,2/6/2026 13:39,18.2939,MS,3,7.6234
501,M0113,A,207,R,1,41,43,M0113-A-207-1,"501-M0113A-207R-1,41-43",319.4,319.42,180,9.5632,19.0034,2/6/2026 13:39,16.6859,MS,5,6.9816
501,M0113,A,201,R,1,25,27,M0113-A-201-1,"501-M0113A-201R-1,25-27",308.74,308.76,284,10.0555,20.6538,2/6/2026 14:15,18.4444,MS,3,7.6859
501,M0113,A,205,R,1,25,27,M0113-A-205-1,"501-M0113A-205R-1,25-27",316.24,316.26,285,10.051,20.516,2/6/2026 14:15,18.1239,MS,5,7.5526
501,M0113,A,208,R,1,48,50,M0113-A-208-1,"501-M0113A-208R-1,48-50",320.97,320.99,286,9.5493,20.873,2/6/2026 14:15,17.9219,MS,1,7.4868
501,M0113,A,209,R,1,38,40,M0113-A-209-1,"501-M0113A-209R-1,38-40",322.37,322.39,280,10.0747,17.3406,2/6/2026 14:15,15.8642,MS,5,6.6776
501,M0113,A,210,R,1,38,40,M0113-A-210-1,"501-M0113A-210R-1,38-40",323.87,323.89,281,9.8647,17.5007,2/6/2026 14:15,15.8316,MS,1,6.6527
